date,spot,strike,days_to_expiry,expiry_years,market_iv,surface_iv,call_mkt_price,call_pde_price,call_mispricing,put_mkt_price,put_pde_price,put_mispricing,is_atm
2023-10-03,19528.75,19300.0,9,0.024657534246575342,0.09838073817211575,0.098381,291.65,290.2540000380394,1.396,48.7,30.59589876284125,18.1041,False
2023-10-03,19528.75,19350.0,9,0.024657534246575342,0.09986004963891922,0.09986,254.1,251.1601777544263,2.9398,60.1,41.422003678010626,18.678,False
2023-10-03,19528.75,19400.0,9,0.024657534246575342,0.10041734743008411,0.100417,218.5,218.24967917512686,0.2503,73.35,58.431432297473975,14.9186,False
2023-10-03,19528.75,19450.0,9,0.024657534246575342,0.10154139306189983,0.101541,186.5,186.10135668382026,0.3986,89.9,76.20303700493629,13.697,False
2023-10-03,19528.75,19500.0,9,0.024657534246575342,0.10023067170878323,0.100231,154.75,151.13008492761534,3.6199,109.05,91.15169244750032,17.8983,False
2023-10-03,19528.75,19550.0,9,0.024657534246575342,0.09975480692299835,0.099755,127.1,122.80290348028228,4.2971,131.2,112.74443819893837,18.4556,True
2023-10-03,19528.75,19600.0,9,0.024657534246575342,0.09892001237939158,0.09892,102.25,101.86760993183186,0.3824,156.85,141.72907184925657,15.1209,False
2023-10-03,19528.75,19650.0,9,0.024657534246575342,0.09853438372379793,0.098534,81.2,81.55572247888699,-0.3557,184.7,171.33711159508456,13.3629,False
2023-10-03,19528.75,19700.0,9,0.024657534246575342,0.09790997509294361,0.09791,63.05,61.03513755434214,2.0149,216.8,200.73645386930286,16.0635,False
2023-10-03,19528.75,19750.0,9,0.024657534246575342,0.09774192563635972,0.097742,48.4,46.419553766555346,1.9804,251.5,236.04079728028447,15.4592,False
2023-10-03,19528.75,19800.0,9,0.024657534246575342,0.09750434365934703,0.097504,36.4,37.58976622616784,-1.1898,290.6,277.1309369386704,13.4691,False
2023-10-04,19436.099609375,19200.0,8,0.021917808219178082,0.08858978626349491,0.08859,282.95,282.33771848141004,0.6123,39.05,18.90415983040947,20.1458,False
2023-10-04,19436.099609375,19250.0,8,0.021917808219178082,0.08811879591765609,0.088119,241.4,238.04375381869235,3.3562,49.7,24.539013008120016,25.161,False
2023-10-04,19436.099609375,19300.0,8,0.021917808219178082,0.09149703793830652,0.091497,206.1,205.84549463545804,0.2545,63.15,42.26957166530887,20.8804,False
2023-10-04,19436.099609375,19350.0,8,0.021917808219178082,0.09105357685174009,0.091054,170.75,170.54677538284685,0.2032,79.7,56.89967025312298,22.8003,False
2023-10-04,19436.099609375,19400.0,8,0.021917808219178082,0.09164532858800956,0.091645,139.95,136.3471726849349,3.6028,98.2,72.6288853956411,25.5711,False
2023-10-04,19436.099609375,19450.0,8,0.021917808219178082,0.09251496290293662,0.092515,113.2,107.0952855035182,6.1047,120.8,93.30581605465188,27.4942,True
2023-10-04,19436.099609375,19500.0,8,0.021917808219178082,0.09220250313263263,0.092203,88.85,87.99666006351825,0.8533,147.95,124.13600845507715,23.814,False
2023-10-04,19436.099609375,19550.0,8,0.021917808219178082,0.09261361795088276,0.092614,69.0,69.71925612649693,-0.7193,176.85,155.78742235848657,21.0626,False
2023-10-04,19436.099609375,19600.0,8,0.021917808219178082,0.09271968553428127,0.09272,52.3,51.0735218878017,1.2265,210.55,187.07050596021054,23.4795,False
2023-10-04,19436.099609375,19650.0,8,0.021917808219178082,0.09280813158091605,0.092808,38.8,36.484814681837896,2.3152,249.95,222.41061659468252,27.5394,False
2023-10-04,19436.099609375,19700.0,8,0.021917808219178082,0.09370335865358731,0.093703,28.8,30.028621216618134,-1.2286,285.45,265.8832409698848,19.5668,False
2023-10-05,19545.75,19300.0,7,0.019178082191780823,0.06895306527080731,0.068953,275.8,276.2518674545268,-0.4519,27.5,6.45795273410196,21.042,False
2023-10-05,19545.75,19350.0,7,0.019178082191780823,0.07623776235517797,0.076238,234.75,231.86675274609672,2.8832,35.95,12.010548091171621,23.9395,False
2023-10-05,19545.75,19400.0,7,0.019178082191780823,0.07919533555926574,0.079195,195.75,195.80899749105956,-0.059,47.05,25.890502901619676,21.1595,False
2023-10-05,19545.75,19450.0,7,0.019178082191780823,0.08066895002925903,0.080669,159.7,159.8952013375084,-0.1952,61.2,39.91441681355765,21.2856,False
2023-10-05,19545.75,19500.0,7,0.019178082191780823,0.0817650598473313,0.081765,127.55,124.07334919391226,3.4767,79.1,54.03027473545278,25.0697,False
2023-10-05,19545.75,19550.0,7,0.019178082191780823,0.08254155529873539,0.082542,99.5,89.9041250884481,9.5959,100.8,69.79876069548037,31.0012,True
2023-10-05,19545.75,19600.0,7,0.019178082191780823,0.08288983624984046,0.08289,75.45,73.47276299640373,1.9772,126.5,103.30510866892575,23.1949,False
2023-10-05,19545.75,19650.0,7,0.019178082191780823,0.08289655672598617,0.082897,55.4,56.62386728807577,-1.2239,157.0,136.39392302609028,20.6061,False
2023-10-05,19545.75,19700.0,7,0.019178082191780823,0.0827153298586858,0.082715,39.3,39.61355733054588,-0.3136,190.75,169.3213231340486,21.4287,False
2023-10-05,19545.75,19750.0,7,0.019178082191780823,0.0825269727364486,0.082527,26.95,24.263561922167263,2.6864,227.15,203.9090377911608,23.241,False
2023-10-05,19545.75,19800.0,7,0.019178082191780823,0.0821271995248176,0.082127,17.7,19.08762532555094,-1.3876,267.5,248.67081126003666,18.8292,False
2023-10-06,19653.5,19400.0,13,0.03561643835616438,0.07130656518534248,0.071307,315.1,314.90805672916815,0.1919,46.65,16.54767542541547,30.1023,False
2023-10-06,19653.5,19450.0,13,0.03561643835616438,0.07546574021413499,0.075466,276.75,273.3619352056172,3.3881,56.8,24.88593436242522,31.9141,False
2023-10-06,19653.5,19500.0,13,0.03561643835616438,0.07650766078382132,0.076508,238.7,237.49710003836586,1.2029,69.55,38.90547965573323,30.6445,False
2023-10-06,19653.5,19550.0,13,0.03561643835616438,0.07826586756123614,0.078266,204.65,204.56161033731632,0.0884,85.15,55.854370415240204,29.2956,False
2023-10-06,19653.5,19600.0,13,0.03561643835616438,0.07884563116140642,0.078846,172.4,170.45133075811196,1.9487,102.05,71.62847129659156,30.4215,False
2023-10-06,19653.5,19650.0,13,0.03561643835616438,0.07937882129560182,0.079379,143.4,136.43032595391492,6.9697,122.75,87.49184695295313,35.2582,True
2023-10-06,19653.5,19700.0,13,0.03561643835616438,0.0796919664646692,0.079692,117.45,115.37591974715012,2.0741,146.15,116.32182120674432,29.8282,False
2023-10-06,19653.5,19750.0,13,0.03561643835616438,0.07959340653924142,0.079593,94.25,94.67958226609161,-0.4296,173.35,145.50986418624376,27.8401,False
2023-10-06,19653.5,19800.0,13,0.03561643835616438,0.07913691559475407,0.079137,73.85,73.51002032592608,0.34,203.0,174.22468270663543,28.7753,False
2023-10-06,19653.5,19850.0,13,0.03561643835616438,0.07854160911301396,0.078542,56.5,52.23068795840375,4.2693,235.3,202.8297307996706,32.4703,False
2023-10-06,19653.5,19900.0,13,0.03561643835616438,0.07860276245015432,0.078603,43.0,43.03351082734335,-0.0335,273.85,243.51693412916705,30.3331,False
2023-10-09,19512.349609375,19250.0,10,0.0273972602739726,0.10675408387944058,0.106754,333.1,333.1472401251824,-0.0472,53.15,36.547314740574414,16.6027,False
2023-10-09,19512.349609375,19300.0,10,0.0273972602739726,0.1064020633186942,0.106402,293.65,291.09147089285864,2.5585,63.45,44.40258364848247,19.0474,False
2023-10-09,19512.349609375,19350.0,10,0.0273972602739726,0.10628501241933283,0.106285,256.65,254.84189614912913,1.8081,75.95,58.06404704499321,17.886,False
2023-10-09,19512.349609375,19400.0,10,0.0273972602739726,0.10594139001833118,0.105941,221.85,221.80414563329634,0.0459,89.2,74.93733466939196,14.2627,False
2023-10-09,19512.349609375,19450.0,10,0.0273972602739726,0.10525586003607905,0.105256,189.25,188.28496843634255,0.965,105.25,91.32919561267528,13.9208,False
2023-10-09,19512.349609375,19500.0,10,0.0273972602739726,0.10421703423297314,0.104217,158.95,154.18134480871802,4.7687,126.85,107.13661012528054,19.7134,True
2023-10-09,19512.349609375,19550.0,10,0.0273972602739726,0.10296741446913941,0.102967,131.25,128.87277467100702,2.3772,148.55,131.73907812780155,16.8109,False
2023-10-09,19512.349609375,19600.0,10,0.0273972602739726,0.10126055242450654,0.101261,105.95,106.10871487684693,-0.1587,173.1,158.88605647387809,14.2139,False
2023-10-09,19512.349609375,19650.0,10,0.0273972602739726,0.10005573242513582,0.100056,84.35,84.13139912080888,0.2186,199.9,186.8197788580781,13.0802,False
2023-10-09,19512.349609375,19700.0,10,0.0273972602739726,0.09907813268726488,0.099078,66.05,62.54924196198286,3.5008,234.35,215.14865983948562,19.2013,False
2023-10-09,19512.349609375,19750.0,10,0.0273972602739726,0.09790954483849015,0.09791,50.45,49.701912518026134,0.7481,269.0,252.21236853576877,16.7876,False
2023-10-10,19689.849609375,19450.0,9,0.024657534246575342,0.1221827056420507,0.122183,322.6,321.62846695440066,0.9715,50.6,50.63053790051952,-0.0305,False
2023-10-10,19689.849609375,19500.0,9,0.024657534246575342,0.11771592776162698,0.117716,281.05,277.3748135486765,3.6752,60.85,56.29681169355821,4.5532,False
2023-10-10,19689.849609375,19550.0,9,0.024657534246575342,0.11605067497560419,0.116051,244.15,243.50256382978182,0.6474,72.55,72.34448917343951,0.2055,False
2023-10-10,19689.849609375,19600.0,9,0.024657534246575342,0.1120028511249155,0.112003,206.75,206.6429964575122,0.107,86.45,85.40484899993677,1.0452,False
2023-10-10,19689.849609375,19650.0,9,0.024657534246575342,0.10977539822878078,0.109775,173.8,171.4388643128002,2.3611,103.9,100.12064405399303,3.7794,False
2023-10-10,19689.849609375,19700.0,9,0.024657534246575342,0.10888349005247498,0.108883,145.2,140.1323913893944,5.0676,124.0,118.73409832935694,5.2659,True
2023-10-10,19689.849609375,19750.0,9,0.024657534246575342,0.10622426883237125,0.106224,117.35,116.41568277052808,0.9343,146.55,144.9373169092582,1.6127,False
2023-10-10,19689.849609375,19800.0,9,0.024657534246575342,0.1039963381058067,0.103996,93.1,93.48476989200152,-0.3848,172.55,171.92633122950514,0.6237,False
2023-10-10,19689.849609375,19850.0,9,0.024657534246575342,0.10279902197956278,0.102799,73.2,71.96649970705545,1.2335,201.8,200.32798824332403,1.472,False
2023-10-10,19689.849609375,19900.0,9,0.024657534246575342,0.10167674905020442,0.101677,56.4,53.12885641879441,3.2711,234.35,231.4102721538402,2.9397,False
2023-10-10,19689.849609375,19950.0,9,0.024657534246575342,0.10069503036723781,0.100695,42.6,43.10615968758601,-0.5062,271.35,271.30750262139367,0.0425,False
2023-10-11,19811.349609375,19550.0,8,0.021917808219178082,0.11125799188132253,0.111258,322.15,322.1630059717984,-0.013,36.7,32.98117220378708,3.7188,False
2023-10-11,19811.349609375,19600.0,8,0.021917808219178082,0.10943166317316358,0.109432,281.1,278.17196731414543,2.928,45.4,38.91895138655686,6.481,False
2023-10-11,19811.349609375,19650.0,8,0.021917808219178082,0.10789829487802889,0.107898,242.35,240.77717421248758,1.5728,56.4,51.45297612532998,4.947,False
2023-10-11,19811.349609375,19700.0,8,0.021917808219178082,0.10462748984552814,0.104627,204.15,204.2273979681992,-0.0774,69.1,64.8320177214647,4.268,False
2023-10-11,19811.349609375,19750.0,8,0.021917808219178082,0.10350248240234491,0.103502,170.8,169.53343394144395,1.2666,85.15,80.06687153514098,5.0831,False
2023-10-11,19811.349609375,19800.0,8,0.021917808219178082,0.10183555232062025,0.101836,139.85,133.95693011571015,5.8931,104.3,94.41918554982942,9.8808,True
2023-10-11,19811.349609375,19850.0,8,0.021917808219178082,0.10066908711090883,0.100669,112.7,109.86606459985121,2.8339,127.3,120.25713787440023,7.0429,False
2023-10-11,19811.349609375,19900.0,8,0.021917808219178082,0.09905064408597801,0.099051,88.4,88.6526853680434,-0.2527,152.35,148.97257648301724,3.3774,False
2023-10-11,19811.349609375,19950.0,8,0.021917808219178082,0.09751951383052711,0.09752,67.65,67.76816912368659,-0.1182,182.65,178.0168780790911,4.6331,False
2023-10-11,19811.349609375,20000.0,8,0.021917808219178082,0.09662177335499537,0.096622,50.95,47.74100741562453,3.209,214.9,207.91853421145424,6.9815,False
2023-10-11,19811.349609375,20050.0,8,0.021917808219178082,0.09546662131630575,0.095467,37.15,36.50524291810505,0.6448,250.4,246.61158755435898,3.7884,False
2023-10-12,19794.0,19550.0,7,0.019178082191780823,0.1271927656725942,0.127193,311.85,311.08374485585733,0.7663,27.8,42.72838046288969,-14.9284,False
2023-10-12,19794.0,19600.0,7,0.019178082191780823,0.12181397275021762,0.121814,269.35,265.2733177607797,4.0767,35.75,46.85566343329883,-11.1057,False
2023-10-12,19794.0,19650.0,7,0.019178082191780823,0.11676666850607846,0.116767,228.75,228.0618881903559,0.6881,45.1,59.581943928370706,-14.4819,False
2023-10-12,19794.0,19700.0,7,0.019178082191780823,0.11256597143731253,0.112566,191.0,190.9926568354671,0.0073,57.65,72.4504226389718,-14.8004,False
2023-10-12,19794.0,19750.0,7,0.019178082191780823,0.1098207247648983,0.109821,157.3,154.83557548486056,2.4644,73.65,86.23105135386038,-12.5811,False
2023-10-12,19794.0,19800.0,7,0.019178082191780823,0.10624270540322031,0.106243,125.7,118.95136957736341,6.7486,92.35,100.28455551185174,-7.9346,True
2023-10-12,19794.0,19850.0,7,0.019178082191780823,0.10389193472377785,0.103892,98.75,97.2965455905284,1.4535,114.6,128.56744159051294,-13.9674,False
2023-10-12,19794.0,19900.0,7,0.019178082191780823,0.10149531960957263,0.101495,75.3,75.93735108431923,-0.6374,140.95,157.14595714978407,-16.196,False
2023-10-12,19794.0,19950.0,7,0.019178082191780823,0.09904088446342592,0.099041,55.45,54.90784750725095,0.5422,171.2,186.05416363821067,-14.8542,False
2023-10-12,19794.0,20000.0,7,0.019178082191780823,0.0977323837066102,0.097732,40.25,36.68449644867701,3.5655,206.0,217.76852264513352,-11.7685,False
2023-10-12,19794.0,20050.0,7,0.019178082191780823,0.09589001375578692,0.09589,27.85,28.557313645122854,-0.7073,243.0,259.5790499070617,-16.579,False
2023-10-13,19751.05078125,19500.0,13,0.03561643835616438,0.0633280507609284,0.063328,307.65,307.4532726535614,0.1967,64.7,11.31087102092551,53.3891,False
2023-10-13,19751.05078125,19550.0,13,0.03561643835616438,0.06908141182981495,0.069081,269.15,265.6109599574405,3.539,76.3,19.352938785360482,56.9471,False
2023-10-13,19751.05078125,19600.0,13,0.03561643835616438,0.07358983854550134,0.07359,234.1,233.0997034760649,1.0003,89.9,36.72606276455225,53.1739,False
2023-10-13,19751.05078125,19650.0,13,0.03561643835616438,0.075207496153647,0.075207,199.65,199.5285252131178,0.1215,105.95,53.039264962151606,52.9107,False
2023-10-13,19751.05078125,19700.0,13,0.03561643835616438,0.0765610293712262,0.076561,168.35,166.0919621736304,2.258,124.65,69.48708238322745,55.1629,False
2023-10-13,19751.05078125,19750.0,13,0.03561643835616438,0.07826737272783309,0.078267,141.1,133.62260242480508,7.4774,145.15,86.90210309495816,58.2479,True
2023-10-13,19751.05078125,19800.0,13,0.03561643835616438,0.07872422067924606,0.078724,115.5,113.56606444606645,1.9339,169.7,116.72994557677518,52.9701,False
2023-10-13,19751.05078125,19850.0,13,0.03561643835616438,0.07865324127674578,0.078653,92.5,92.9820750387996,-0.4821,198.95,146.03033663006448,52.9197,False
2023-10-13,19751.05078125,19900.0,13,0.03561643835616438,0.07882022977074565,0.07882,73.15,72.73442596504334,0.4156,229.65,175.66706801686766,53.9829,False
2023-10-13,19751.05078125,19950.0,13,0.03561643835616438,0.079124199008797,0.079124,57.1,52.63897617140854,4.461,262.1,205.4559986837935,56.644,False
2023-10-13,19751.05078125,20000.0,13,0.03561643835616438,0.08006741636931113,0.080067,44.65,44.70436910694929,-0.0544,294.15,247.4057720798885,46.7442,False
2023-10-16,19731.75,19500.0,10,0.0273972602739726,0.09460136852937566,0.094601,299.1,297.691043391377,1.409,57.95,31.24591808294297,26.7041,False
2023-10-16,19731.75,19550.0,10,0.0273972602739726,0.09618992863131189,0.09619,261.7,258.6258070502694,3.0742,68.05,42.09171988207004,25.9583,False
2023-10-16,19731.75,19600.0,10,0.0273972602739726,0.09622776407598328,0.096228,225.45,225.11908231326584,0.3309,82.05,58.496033285304364,23.554,False
2023-10-16,19731.75,19650.0,10,0.0273972602739726,0.09607401750092344,0.096074,191.75,191.3859269496575,0.3641,97.85,74.67391606192724,23.1761,False
2023-10-16,19731.75,19700.0,10,0.0273972602739726,0.09509216853268852,0.095092,159.95,156.5275639423097,3.4224,116.85,89.72659119481305,27.1234,False
2023-10-16,19731.75,19750.0,10,0.0273972602739726,0.09526543888068012,0.095265,132.7,128.0289557712268,4.671,137.95,111.13902116396461,26.811,True
2023-10-16,19731.75,19800.0,10,0.0273972602739726,0.0937103072075448,0.09371,106.4,105.8300886204662,0.5699,162.0,138.85119215343775,23.1488,False
2023-10-16,19731.75,19850.0,10,0.0273972602739726,0.09276820330415636,0.092768,84.15,84.59062745810274,-0.4406,189.35,167.52276913131067,21.8272,False
2023-10-16,19731.75,19900.0,10,0.0273972602739726,0.0921745249786805,0.092175,65.55,63.88582453329333,1.6642,221.2,196.72900434672988,24.471,False
2023-10-16,19731.75,19950.0,10,0.0273972602739726,0.09216703727286578,0.092167,50.65,48.17519122498157,2.4748,256.8,230.92940917865604,25.8706,False
2023-10-16,19731.75,20000.0,10,0.0273972602739726,0.09158385859622065,0.091584,37.9,38.931988526511624,-1.032,292.5,271.59724462041424,20.9028,False
2023-10-17,19811.5,19550.0,9,0.024657534246575342,0.07504057386848197,0.075041,304.2,304.6441191041593,-0.4441,43.15,11.835653822817285,31.3143,False
2023-10-17,19811.5,19600.0,9,0.024657534246575342,0.07885886108666881,0.078859,263.35,260.8369385982264,2.5131,51.75,17.94840051565715,33.8016,False
2023-10-17,19811.5,19650.0,9,0.024657534246575342,0.08142082020649756,0.081421,225.15,223.92285368834382,1.2271,63.6,30.95424280453595,32.6458,False
2023-10-17,19811.5,19700.0,9,0.024657534246575342,0.08311274120527105,0.083113,189.75,189.9316622655557,-0.1817,77.35,46.88297858051912,30.467,False
2023-10-17,19811.5,19750.0,9,0.024657534246575342,0.08353843093599904,0.083538,156.6,154.9335819245359,1.6664,95.05,61.804825438268125,33.2452,False
2023-10-17,19811.5,19800.0,9,0.024657534246575342,0.08402887497215084,0.084029,127.2,120.14663286849989,7.0534,114.7,76.93780358100007,37.7622,True
2023-10-17,19811.5,19850.0,9,0.024657534246575342,0.08335767334108109,0.083358,100.15,96.75675739446919,3.3932,138.15,103.46785530573932,34.6821,False
2023-10-17,19811.5,19900.0,9,0.024657534246575342,0.08295441606217382,0.082954,77.25,77.65873589715233,-0.4087,165.8,134.28976100718958,31.5102,False
2023-10-17,19811.5,19950.0,9,0.024657534246575342,0.08279316044474216,0.082793,58.4,58.90819529759604,-0.5082,196.5,165.45914760640127,31.0409,False
2023-10-17,19811.5,20000.0,9,0.024657534246575342,0.0827899468251698,0.08279,43.25,40.346849206099286,2.9032,231.25,196.81772871367124,34.4323,False
2023-10-17,19811.5,20050.0,9,0.024657534246575342,0.08221127949579142,0.082211,30.75,30.45552608357195,0.2945,267.4,236.84633278991376,30.5537,False
2023-10-18,19671.099609375,19400.0,8,0.021917808219178082,0.10292245037441695,0.102922,323.3,323.79492131730376,-0.4949,39.85,25.076634028012087,14.7734,False
2023-10-18,19671.099609375,19450.0,8,0.021917808219178082,0.09992597910411893,0.099926,280.0,278.0275206364666,1.9725,48.15,29.238051187602906,18.9119,False
2023-10-18,19671.099609375,19500.0,8,0.021917808219178082,0.10317751386891781,0.103178,244.15,241.90374422579958,2.2463,59.3,43.043092617357935,16.2569,False
2023-10-18,19671.099609375,19550.0,8,0.021917808219178082,0.10090560443275245,0.100906,206.05,206.05744001331914,-0.0074,71.7,57.12560624530458,14.5744,False
2023-10-18,19671.099609375,19600.0,8,0.021917808219178082,0.10236949841980574,0.102369,174.65,173.90385345725406,0.7461,88.3,74.90083752966504,13.3992,False
2023-10-18,19671.099609375,19650.0,8,0.021917808219178082,0.10020076624594676,0.100201,142.45,137.6545343821118,4.7955,106.2,88.58033629495348,17.6197,True
2023-10-18,19671.099609375,19700.0,8,0.021917808219178082,0.09960730954662271,0.099607,115.3,111.47200711479269,3.828,128.35,112.32662686805833,16.0234,False
2023-10-18,19671.099609375,19750.0,8,0.021917808219178082,0.09812437098690227,0.098124,90.55,90.480466275361,0.0695,153.05,141.26390386905416,11.7861,False
2023-10-18,19671.099609375,19800.0,8,0.021917808219178082,0.09627080741229964,0.096271,68.9,69.31729423314692,-0.4173,183.2,170.02954966726924,13.1705,False
2023-10-18,19671.099609375,19850.0,8,0.021917808219178082,0.09461833446095508,0.094618,51.0,48.648400630519916,2.3516,216.95,199.28947390506434,17.6605,False
2023-10-18,19671.099609375,19900.0,8,0.021917808219178082,0.09397851623062611,0.093979,37.4,36.160845790122096,1.2392,253.2,236.73073690509682,16.4693,False
2023-10-19,19624.69921875,19350.0,7,0.019178082191780823,0.05164692431199053,0.051647,299.6,300.3672515722395,-0.7673,28.35,1.5618281673076946,26.7882,False
2023-10-19,19624.69921875,19400.0,7,0.019178082191780823,0.06938671854969758,0.069387,256.9,256.39076596851567,0.5092,36.8,7.523052629073898,29.2769,False
2023-10-19,19624.69921875,19450.0,7,0.019178082191780823,0.07931308477553278,0.079313,219.4,217.80938973365846,1.5906,47.1,18.879386459709714,28.2206,False
2023-10-19,19624.69921875,19500.0,7,0.019178082191780823,0.08183444182030451,0.081834,182.15,182.6455777312156,-0.4956,60.85,33.653284522759805,27.1967,False
2023-10-19,19624.69921875,19550.0,7,0.019178082191780823,0.08401745537170614,0.084017,148.85,148.00350143814384,0.8465,77.7,48.94891829517441,28.7511,False
2023-10-19,19624.69921875,19600.0,7,0.019178082191780823,0.08502005309100091,0.08502,118.7,112.6927429324683,6.0073,96.05,63.575869854991,32.4741,True
2023-10-19,19624.69921875,19650.0,7,0.019178082191780823,0.08666029557267792,0.08666,93.55,88.00909677748292,5.5409,120.55,88.82993376549754,31.7201,False
2023-10-19,19624.69921875,19700.0,7,0.019178082191780823,0.08753591806474553,0.087536,71.8,71.62752837986423,0.1725,148.65,122.38607543336823,26.2639,False
2023-10-19,19624.69921875,19750.0,7,0.019178082191780823,0.08913368069269977,0.089134,54.75,55.73651468718488,-0.9865,179.75,156.4327718061791,23.3172,False
2023-10-19,19624.69921875,19800.0,7,0.019178082191780823,0.08798093289156934,0.087981,38.7,37.19315692353,1.5068,215.55,187.82712410801338,27.7229,False
2023-10-19,19624.69921875,19850.0,7,0.019178082191780823,0.08802049207885985,0.08802,27.2,26.181435005643376,1.0186,247.45,226.75311225562317,20.6969,False
2023-10-20,19542.650390625,19300.0,13,0.03561643835616438,0.10904918442517401,0.109049,342.45,341.63153701614647,0.8185,54.4,54.35200416628676,0.048,False
2023-10-20,19542.650390625,19350.0,13,0.03561643835616438,0.1075422316726685,0.107542,303.65,299.81910641963213,3.8309,64.75,62.42395403032566,2.326,False
2023-10-20,19542.650390625,19400.0,13,0.03561643835616438,0.10603590557709032,0.106036,266.7,265.86184088018774,0.8382,77.8,78.35106895143724,-0.5511,False
2023-10-20,19542.650390625,19450.0,13,0.03561643835616438,0.10442027365203037,0.10442,231.65,231.53813417276115,0.1119,92.55,93.91174270457167,-1.3617,False
2023-10-20,19542.650390625,19500.0,13,0.03561643835616438,0.10243186741585701,0.102432,198.3,196.4322128523294,1.8678,109.4,108.69020184469656,0.7098,False
2023-10-20,19542.650390625,19550.0,13,0.03561643835616438,0.101234263663703,0.101234,168.5,163.81232202385462,4.6877,128.4,125.95469147677922,2.4453,True
2023-10-20,19542.650390625,19600.0,13,0.03561643835616438,0.09939233482108377,0.099392,140.35,139.42083404270082,0.9292,150.6,151.44758395617976,-0.8476,False
2023-10-20,19542.650390625,19650.0,13,0.03561643835616438,0.09774466812258205,0.097745,115.2,115.44877538150776,-0.2488,175.3,177.35990575554698,-2.0599,False
2023-10-20,19542.650390625,19700.0,13,0.03561643835616438,0.09652097369016278,0.096521,93.45,92.20197242772376,1.248,203.05,203.99748326232077,-0.9475,False
2023-10-20,19542.650390625,19750.0,13,0.03561643835616438,0.09509009332358316,0.09509,74.2,70.82765161325034,3.3723,234.05,232.50754290840223,1.5425,False
2023-10-20,19542.650390625,19800.0,13,0.03561643835616438,0.09401811684580022,0.094018,58.15,58.40629874866719,-0.2563,267.4,269.9705705043779,-2.5706,False
2023-10-23,19281.75,19050.0,10,0.0273972602739726,0.12816967533122225,0.12817,328.35,327.2470677196751,1.1029,68.8,61.60259914912493,7.1974,False
2023-10-23,19281.75,19100.0,10,0.0273972602739726,0.1216266162241546,0.121627,285.3,282.1622441244044,3.1378,80.15,66.42881369409791,13.7212,False
2023-10-23,19281.75,19150.0,10,0.0273972602739726,0.12173125396687356,0.121731,251.2,250.71536002513665,0.4846,96.05,84.89296773505322,11.157,False
2023-10-23,19281.75,19200.0,10,0.0273972602739726,0.1200844293649141,0.120084,217.35,217.15193880391033,0.1981,112.05,101.24058465406752,10.8094,False
2023-10-23,19281.75,19250.0,10,0.0273972602739726,0.11768993692270883,0.11769,184.9,182.43274122500742,2.4673,131.5,116.43242521539706,15.0676,False
2023-10-23,19281.75,19300.0,10,0.0273972602739726,0.11756038499990638,0.11756,157.8,154.32175555918892,3.4782,151.5,138.23247768981145,13.2675,True
2023-10-23,19281.75,19350.0,10,0.0273972602739726,0.11719971775914997,0.1172,133.05,132.66212646514424,0.3879,173.65,166.48388673600266,7.1661,False
2023-10-23,19281.75,19400.0,10,0.0273972602739726,0.11447109333497732,0.114471,108.0,108.09809155294536,-0.0981,199.2,191.83088996403694,7.3691,False
2023-10-23,19281.75,19450.0,10,0.0273972602739726,0.11343189813442564,0.113432,87.8,85.76140971955168,2.0386,227.6,219.40524627087746,8.1948,False
2023-10-23,19281.75,19500.0,10,0.0273972602739726,0.11073589951238771,0.110736,68.4,66.29113727068763,2.1089,259.95,249.8460119622497,10.104,False
2023-10-23,19281.75,19550.0,10,0.0273972602739726,0.10919464292404316,0.109195,53.05,53.79130980581913,-0.7413,297.15,287.2572226376154,9.8928,False
2023-10-25,19122.150390625,18850.0,8,0.021917808219178082,0.1420790253737979,0.142079,351.4,351.6881732321884,-0.2882,51.15,52.70210844819479,-1.5521,False
2023-10-25,19122.150390625,18900.0,8,0.021917808219178082,0.14478451779008075,0.144785,316.45,314.9879037520869,1.4621,61.4,65.93065680852348,-4.5307,False
2023-10-25,19122.150390625,18950.0,8,0.021917808219178082,0.14322917144641098,0.143229,279.7,277.2442971308003,2.4557,72.75,78.1158680276614,-5.3659,False
2023-10-25,19122.150390625,19000.0,8,0.021917808219178082,0.13817463223147852,0.138175,241.3,241.06154654423008,0.2385,87.5,91.86193528151874,-4.3619,False
2023-10-25,19122.150390625,19050.0,8,0.021917808219178082,0.13611749221777364,0.136117,208.05,207.6782840151811,0.3717,103.0,108.40749059289104,-5.4075,False
2023-10-25,19122.150390625,19100.0,8,0.021917808219178082,0.13664454690227498,0.136645,180.05,177.04644749561257,3.0036,121.6,127.70447191375699,-6.1045,True
2023-10-25,19122.150390625,19150.0,8,0.021917808219178082,0.13241028267441174,0.13241,149.25,146.6373419424654,2.6127,143.4,147.22418420103628,-3.8242,False
2023-10-25,19122.150390625,19200.0,8,0.021917808219178082,0.13112995352383905,0.13113,124.4,124.31954733310135,0.0805,166.75,174.83520743210067,-8.0852,False
2023-10-25,19122.150390625,19250.0,8,0.021917808219178082,0.12889748260249242,0.128897,101.2,101.05337327676122,0.1466,194.4,201.4978512161843,-7.0979,False
2023-10-25,19122.150390625,19300.0,8,0.021917808219178082,0.12707093736240319,0.127071,81.2,78.37360437157815,2.8264,224.4,228.74690015142792,-4.3469,False
2023-10-25,19122.150390625,19350.0,8,0.021917808219178082,0.12465791678221834,0.124658,63.35,62.08600578028516,1.264,258.05,262.3881194005655,-4.3381,False
2023-10-26,18857.25,18600.0,7,0.019178082191780823,0.15798708882136894,0.157987,340.45,340.5040607659854,-0.0541,46.15,60.08220512868678,-13.9322,False
2023-10-26,18857.25,18650.0,7,0.019178082191780823,0.153832420518948,0.153832,300.35,298.20088978309633,2.1491,56.5,67.71674421128765,-11.2167,False
2023-10-26,18857.25,18700.0,7,0.019178082191780823,0.15012769472977797,0.150128,262.3,260.6330203678342,1.667,68.5,80.08658486151506,-11.5866,False
2023-10-26,18857.25,18750.0,7,0.019178082191780823,0.14589961740821555,0.1459,225.65,225.63114972335185,0.0189,82.9,95.02242428251974,-12.1224,False
2023-10-26,18857.25,18800.0,7,0.019178082191780823,0.14229680039420214,0.142297,191.75,190.88716351482316,0.8628,99.15,110.21614813948791,-11.0661,False
2023-10-26,18857.25,18850.0,7,0.019178082191780823,0.13964793017333582,0.139648,161.25,156.81357176476425,4.4364,117.55,126.08026645492139,-8.5303,True
2023-10-26,18857.25,18900.0,7,0.019178082191780823,0.13685339483781553,0.136853,133.25,131.66323867507512,1.5868,139.3,150.86764343072517,-11.5676,False
2023-10-26,18857.25,18950.0,7,0.019178082191780823,0.13400253034174933,0.134003,108.0,108.20138675965913,-0.2014,163.2,177.3435015807985,-14.1435,False
2023-10-26,18857.25,19000.0,7,0.019178082191780823,0.1302100382126271,0.13021,84.75,84.02896936327302,0.721,191.5,203.1087942499052,-11.6088,False
2023-10-26,18857.25,19050.0,7,0.019178082191780823,0.12739153325650487,0.127392,65.5,61.54375139675237,3.9562,222.45,230.56128634887355,-8.1113,False
2023-10-26,18857.25,19100.0,7,0.019178082191780823,0.12619432456663154,0.126194,50.6,50.487238408686444,0.1128,255.25,269.4424834262983,-14.1925,False
2023-10-27,19047.25,18800.0,13,0.03561643835616438,0.12038226831435675,0.120382,354.5,354.1045269778146,0.3955,63.3,63.381580147381285,-0.0816,False
2023-10-27,19047.25,18850.0,13,0.03561643835616438,0.11998522292978521,0.119985,317.7,314.7810578667051,2.9189,75.15,73.94249149682047,1.2075,False
2023-10-27,19047.25,18900.0,13,0.03561643835616438,0.11579115446391296,0.115791,277.95,276.83480170883183,1.1152,87.7,85.88061579950825,1.8194,False
2023-10-27,19047.25,18950.0,13,0.03561643835616438,0.11408461663079238,0.114085,243.15,243.09388951488012,0.0561,103.0,102.02408406611451,0.9759,False
2023-10-27,19047.25,19000.0,13,0.03561643835616438,0.11244344571710595,0.112443,210.55,209.2315588835903,1.3184,119.05,118.04613389538254,1.0039,False
2023-10-27,19047.25,19050.0,13,0.03561643835616438,0.11085354730986206,0.110854,180.3,175.77287857097286,4.5271,139.35,134.47183404332338,4.8782,True
2023-10-27,19047.25,19100.0,13,0.03561643835616438,0.10973856215456534,0.109739,153.15,152.19875446558822,0.9512,161.55,160.78209039849366,0.7679,False
2023-10-27,19047.25,19150.0,13,0.03561643835616438,0.1090350057284727,0.109035,129.1,129.26925216306245,-0.1693,186.1,187.73696855652958,-1.637,False
2023-10-27,19047.25,19200.0,13,0.03561643835616438,0.10845777567015091,0.108458,107.75,106.55665870759954,1.1933,214.2,214.90875556161907,-0.7088,False
2023-10-27,19047.25,19250.0,13,0.03561643835616438,0.10657378230855755,0.106574,87.15,84.05495424846295,3.095,245.45,242.29143156304096,3.1586,False
2023-10-27,19047.25,19300.0,13,0.03561643835616438,0.10552526714039183,0.105525,70.2,70.32161798794081,-0.1216,277.35,278.4424757630802,-1.0925,False
2023-10-30,19140.900390625,18900.0,10,0.0273972602739726,0.1335868700381038,0.133587,339.45,338.8321044584473,0.6179,55.8,64.30413084219107,-8.5041,False
2023-10-30,19140.900390625,18950.0,10,0.0273972602739726,0.129507010120653,0.129507,299.1,295.5064572930336,3.5935,66.1,70.88952181701882,-4.7895,False
2023-10-30,19140.900390625,19000.0,10,0.0273972602739726,0.12551128645962736,0.125511,260.4,259.57526321580724,0.8247,77.3,84.86936588002129,-7.5694,False
2023-10-30,19140.900390625,19050.0,10,0.0273972602739726,0.12322421934987525,0.123224,225.55,225.49307480351365,0.0569,91.3,100.69821560796234,-9.3982,False
2023-10-30,19140.900390625,19100.0,10,0.0273972602739726,0.11951205661107211,0.119512,191.15,189.35834093525511,1.7917,107.7,114.47451987993986,-6.7745,False
2023-10-30,19140.900390625,19150.0,10,0.0273972602739726,0.11747285790459126,0.117473,161.2,156.90463591798436,4.2954,126.95,131.93185300290423,-4.9819,True
2023-10-30,19140.900390625,19200.0,10,0.0273972602739726,0.11534362667771374,0.115344,133.75,133.00434004743903,0.7457,149.8,157.94259527259624,-8.1426,False
2023-10-30,19140.900390625,19250.0,10,0.0273972602739726,0.11398312883033213,0.113983,110.0,110.20276853617497,-0.2028,174.8,185.0520619015678,-10.2521,False
2023-10-30,19140.900390625,19300.0,10,0.0273972602739726,0.1121063696495488,0.112106,88.4,86.888752657044,1.5112,203.3,211.64908416267133,-8.3491,False
2023-10-30,19140.900390625,19350.0,10,0.0273972602739726,0.1106586283289305,0.110659,70.1,67.37447073909823,2.7255,235.45,242.04584038495437,-6.5958,False
2023-10-30,19140.900390625,19400.0,10,0.0273972602739726,0.10989172327034273,0.109892,55.2,55.655293677776584,-0.4553,269.2,280.237701463868,-11.0377,False
2023-10-31,19079.599609375,18850.0,9,0.024657534246575342,0.13040885557061777,0.130409,318.15,317.0748039340116,1.0752,52.6,57.28774849490821,-4.6877,False
2023-10-31,19079.599609375,18900.0,9,0.024657534246575342,0.12873255707064463,0.128733,280.3,277.2210823377725,3.0789,63.1,67.3539540974372,-4.254,False
2023-10-31,19079.599609375,18950.0,9,0.024657534246575342,0.12433018034715416,0.12433,241.5,241.05696787210746,0.443,75.85,81.10976683053556,-5.2598,False
2023-10-31,19079.599609375,19000.0,9,0.024657534246575342,0.1207826884004401,0.120783,205.6,205.37632046817396,0.2237,90.4,95.3490466253694,-4.949,False
2023-10-31,19079.599609375,19050.0,9,0.024657534246575342,0.11965408040929065,0.119654,174.85,172.16799536215635,2.682,109.0,112.06064871811878,-3.0606,False
2023-10-31,19079.599609375,19100.0,9,0.024657534246575342,0.11816694153710873,0.118167,146.35,142.9264191139205,3.4236,130.45,132.73899966865656,-2.289,True
2023-10-31,19079.599609375,19150.0,9,0.024657534246575342,0.11715430502980907,0.117154,121.2,120.9004832653792,0.2995,152.4,160.63299101887912,-8.233,False
2023-10-31,19079.599609375,19200.0,9,0.024657534246575342,0.1154631469005017,0.115463,98.1,98.17474316413704,-0.0747,181.25,187.82717811640578,-6.5772,False
2023-10-31,19079.599609375,19250.0,9,0.024657534246575342,0.11495161732032577,0.114952,79.2,76.89625146843616,2.3037,211.0,216.46861361947654,-5.4686,False
2023-10-31,19079.599609375,19300.0,9,0.024657534246575342,0.11391477153475793,0.113915,62.45,60.71181728812933,1.7382,243.65,250.20410663794232,-6.5541,False
2023-10-31,19079.599609375,19350.0,9,0.024657534246575342,0.1132709084650037,0.113271,48.7,49.60784687230026,-0.9078,280.3,289.02006342087657,-8.7201,False
2023-11-01,18989.150390625,18750.0,8,0.021917808219178082,0.11543220677348033,0.115432,302.9,302.4054550664014,0.4945,47.1,36.56175460155491,10.5382,False
2023-11-01,18989.150390625,18800.0,8,0.021917808219178082,0.11780936941541399,0.117809,266.6,262.65354705756073,3.9465,58.0,46.73866443314313,11.2613,False
2023-11-01,18989.150390625,18850.0,8,0.021917808219178082,0.11754063570969894,0.117541,230.6,229.83681647207226,0.7632,70.65,63.850751688081445,6.7992,False
2023-11-01,18989.150390625,18900.0,8,0.021917808219178082,0.1151368882500656,0.115137,195.0,194.95162950572686,0.0484,86.25,78.89438256215962,7.3556,False
2023-11-01,18989.150390625,18950.0,8,0.021917808219178082,0.1128479920199458,0.112848,162.15,159.84277648804715,2.3072,104.1,93.71434738490892,10.3857,False
2023-11-01,18989.150390625,19000.0,8,0.021917808219178082,0.11193446152855435,0.111934,133.75,128.79502312799298,4.955,125.35,112.59541186527973,12.7546,True
2023-11-01,18989.150390625,19050.0,8,0.021917808219178082,0.11112440631080364,0.111124,108.6,107.8382433470839,0.7618,149.05,141.56744992479864,7.4826,False
2023-11-01,18989.150390625,19100.0,8,0.021917808219178082,0.1105186890261936,0.110519,86.85,87.18606402652071,-0.3361,177.2,170.84408844466464,6.3559,False
2023-11-01,18989.150390625,19150.0,8,0.021917808219178082,0.1095565598232028,0.109557,67.85,66.2365231825245,1.6135,209.0,199.82336544109202,9.1766,False
2023-11-01,18989.150390625,19200.0,8,0.021917808219178082,0.10961154045783057,0.109612,52.85,50.463989900710615,2.386,242.15,233.97964999970972,8.1704,False
2023-11-01,18989.150390625,19250.0,8,0.021917808219178082,0.10989511507037114,0.109895,40.7,41.52755867044294,-0.8276,279.5,274.972036609861,4.528,False
2023-11-02,19133.25,18900.0,7,0.019178082191780823,0.15568544967143397,0.155685,322.95,322.05032786402796,0.8997,26.7,65.2547326196841,-38.5547,False
2023-11-02,19133.25,18950.0,7,0.019178082191780823,0.13769907148832372,0.137699,271.1,267.67399861893,3.426,34.45,60.81611344006697,-26.3661,False
2023-11-02,19133.25,19000.0,7,0.019178082191780823,0.13306587942120296,0.133066,232.3,231.78854500858222,0.5115,43.9,74.86836989520741,-30.9684,False
2023-11-02,19133.25,19050.0,7,0.019178082191780823,0.12724207007542676,0.127242,194.35,194.20897855571076,0.141,57.55,87.22651350783346,-29.6765,False
2023-11-02,19133.25,19100.0,7,0.019178082191780823,0.12147437606511313,0.121474,158.75,155.97227912455668,2.7777,71.35,98.92752414216773,-27.5775,False
2023-11-02,19133.25,19150.0,7,0.019178082191780823,0.11767367428515856,0.117674,127.95,123.51851774648722,4.4315,89.75,116.41147282959193,-26.6615,True
2023-11-02,19133.25,19200.0,7,0.019178082191780823,0.11349253082831869,0.113493,99.9,99.3763312541175,0.5237,111.2,142.20699640270914,-31.007,False
2023-11-02,19133.25,19250.0,7,0.019178082191780823,0.11029761719478898,0.110298,76.3,76.69386853875903,-0.3939,136.9,169.4622437528434,-32.5622,False
2023-11-02,19133.25,19300.0,7,0.019178082191780823,0.1066724136907714,0.106672,55.85,54.03263197035609,1.8174,167.8,196.738717249938,-28.9387,False
2023-11-02,19133.25,19350.0,7,0.019178082191780823,0.1038607205131063,0.103861,39.75,37.92180591096655,1.8282,202.55,230.56560125602934,-28.0156,False
2023-11-02,19133.25,19400.0,7,0.019178082191780823,0.1020406963553787,0.102041,27.75,29.13674187476629,-1.3867,238.2,271.7182472853209,-33.5182,False
2023-11-03,19230.599609375,19000.0,13,0.03561643835616438,0.09955064045449985,0.099551,320.35,319.14381015578937,1.2062,48.95,44.60877579258007,4.3412,False
2023-11-03,19230.599609375,19050.0,13,0.03561643835616438,0.09924275579288992,0.099243,282.4,279.2124830523362,3.1875,58.95,54.56182914968115,4.3882,False
2023-11-03,19230.599609375,19100.0,13,0.03561643835616438,0.09667055217364026,0.096671,243.8,243.29993312025783,0.5001,72.55,68.53365967816217,4.0163,False
2023-11-03,19230.599609375,19150.0,13,0.03561643835616438,0.09622544837105593,0.096225,210.15,209.83645152744353,0.3135,87.4,84.95455854590928,2.4454,False
2023-11-03,19230.599609375,19200.0,13,0.03561643835616438,0.09452271710096073,0.094523,177.35,174.46979579979717,2.8802,105.4,99.47228327881827,5.9277,False
2023-11-03,19230.599609375,19250.0,13,0.03561643835616438,0.09328335233201127,0.093283,147.9,144.08733203697176,3.8127,125.45,118.97419997655466,6.4758,True
2023-11-03,19230.599609375,19300.0,13,0.03561643835616438,0.09222961623674672,0.09223,121.6,121.22086269903554,0.3791,149.0,145.99211109917096,3.0079,False
2023-11-03,19230.599609375,19350.0,13,0.03561643835616438,0.09126340859856287,0.091263,98.4,98.57407014637167,-0.1741,175.3,173.22969900706275,2.0703,False
2023-11-03,19230.599609375,19400.0,13,0.03561643835616438,0.08975038369553409,0.08975,77.45,75.28756953810839,2.1624,203.65,199.82757885935825,3.8224,False
2023-11-03,19230.599609375,19450.0,13,0.03561643835616438,0.0888443807695579,0.088844,60.3,58.38782423435632,1.9122,237.05,232.81221401616554,4.2378,False
2023-11-03,19230.599609375,19500.0,13,0.03561643835616438,0.08880355694917871,0.088804,46.95,48.037694311177034,-1.0877,272.0,272.34646455353925,-0.3465,False
2023-11-06,19411.75,19150.0,10,0.0273972602739726,0.10550107504184805,0.105501,330.9,330.98077892879957,-0.0808,31.5,35.158386638714035,-3.6584,False
2023-11-06,19411.75,19200.0,10,0.0273972602739726,0.1034072421491599,0.103407,289.6,287.08077056821566,2.5192,40.0,41.169416418366815,-1.1694,False
2023-11-06,19411.75,19250.0,10,0.0273972602739726,0.10148156197366381,0.101482,250.35,248.53754721799504,1.8125,50.45,52.53723120838055,-2.0872,False
2023-11-06,19411.75,19300.0,10,0.0273972602739726,0.09876761328110827,0.098768,212.4,212.3791398367534,0.0209,62.6,66.2898619673799,-3.6899,False
2023-11-06,19411.75,19350.0,10,0.0273972602739726,0.09748836417245778,0.097488,178.6,177.49783919856904,1.1022,78.65,81.31959946942797,-2.6696,False
2023-11-06,19411.75,19400.0,10,0.0273972602739726,0.09574399009874429,0.095744,147.1,141.7447256387284,5.3553,97.35,95.4775240498236,1.8725,True
2023-11-06,19411.75,19450.0,10,0.0273972602739726,0.09439913958212828,0.094399,119.2,116.62270722214191,2.5773,118.85,120.26654377347208,-1.4165,False
2023-11-06,19411.75,19500.0,10,0.0273972602739726,0.09311696426544853,0.093117,94.65,94.89613538359816,-0.2461,143.45,148.45101007516308,-5.001,False
2023-11-06,19411.75,19550.0,10,0.0273972602739726,0.09163592752936191,0.091636,73.2,73.10563122848696,0.0944,172.45,176.57154406028786,-4.1215,False
2023-11-06,19411.75,19600.0,10,0.0273972602739726,0.09109048730796124,0.09109,56.15,52.56307560224144,3.5869,205.35,205.94002657427336,-0.59,False
2023-11-06,19411.75,19650.0,10,0.0273972602739726,0.09046632432853952,0.090466,42.05,41.62132798335593,0.4287,241.45,244.90931709563125,-3.4593,False
2023-11-07,19406.69921875,19150.0,9,0.024657534246575342,0.11088181520826834,0.110882,323.8,323.7502267600102,0.0498,28.25,36.38312513851514,-8.1331,False
2023-11-07,19406.69921875,19200.0,9,0.024657534246575342,0.10603588362887523,0.106036,280.35,277.44698061591083,2.903,36.05,39.99980619317831,-3.9498,False
2023-11-07,19406.69921875,19250.0,9,0.024657534246575342,0.10331401209640394,0.103314,240.5,239.01467975985943,1.4853,46.6,51.48743253590322,-4.8874,False
2023-11-07,19406.69921875,19300.0,9,0.024657534246575342,0.10029800048895879,0.100298,202.5,202.54502687218456,-0.045,58.6,64.93770684699538,-6.3377,False
2023-11-07,19406.69921875,19350.0,9,0.024657534246575342,0.09866691587754524,0.098667,168.6,167.15556311048132,1.4444,74.6,79.46817028406254,-4.8682,False
2023-11-07,19406.69921875,19400.0,9,0.024657534246575342,0.09595756169632444,0.095958,136.4,130.04786113425448,6.3521,93.0,92.28039550660091,0.7196,True
2023-11-07,19406.69921875,19450.0,9,0.024657534246575342,0.09474916629090777,0.094749,109.25,106.96369354227899,2.2863,115.25,119.11615511339424,-3.8662,False
2023-11-07,19406.69921875,19500.0,9,0.024657534246575342,0.09337588303057487,0.093376,85.35,85.76496234063535,-0.415,140.85,147.8373511105228,-6.9874,False
2023-11-07,19406.69921875,19550.0,9,0.024657534246575342,0.0922622683810965,0.092262,65.25,65.05707063665923,0.1929,169.6,177.049386605316,-7.4494,False
2023-11-07,19406.69921875,19600.0,9,0.024657534246575342,0.09119174469514967,0.091192,48.6,44.56991404126748,4.0301,203.15,206.48215720869024,-3.3322,False
2023-11-07,19406.69921875,19650.0,9,0.024657534246575342,0.09104354003499088,0.091044,36.0,36.03787564472019,-0.0379,243.05,247.87004601091425,-4.82,False
2023-11-08,19443.5,19200.0,8,0.021917808219178082,0.07860332025279695,0.078603,283.3,283.2965950179862,0.0034,28.95,12.462645741971864,16.4874,False
2023-11-08,19443.5,19250.0,8,0.021917808219178082,0.08166271153610972,0.081663,242.5,238.87980244170225,3.6202,37.55,17.97467100612566,19.5753,False
2023-11-08,19443.5,19300.0,8,0.021917808219178082,0.08295036172665937,0.08295,203.85,203.55051287175718,0.2995,49.15,32.57419927660242,16.5758,False
2023-11-08,19443.5,19350.0,8,0.021917808219178082,0.08453190456048985,0.084532,169.1,169.11867839555705,-0.0187,64.5,48.07118264083657,16.4288,False
2023-11-08,19443.5,19400.0,8,0.021917808219178082,0.08532412473390456,0.085324,137.45,134.2492770809719,3.2007,82.45,63.13059916667512,19.3194,False
2023-11-08,19443.5,19450.0,8,0.021917808219178082,0.08625157648830045,0.086252,109.95,102.04580718350078,7.9042,104.15,80.85594710963164,23.2941,True
2023-11-08,19443.5,19500.0,8,0.021917808219178082,0.08650178778357749,0.086502,85.7,84.18828447706167,1.5117,129.7,112.92724224361902,16.7728,False
2023-11-08,19443.5,19550.0,8,0.021917808219178082,0.08662993271254298,0.08663,65.25,66.15030493486077,-0.9003,159.4,144.8180805418496,14.5819,False
2023-11-08,19443.5,19600.0,8,0.021917808219178082,0.08706051330453381,0.087061,48.85,48.37681862551871,0.4732,194.35,176.97341207293,17.3766,False
2023-11-08,19443.5,19650.0,8,0.021917808219178082,0.08754140367170458,0.087541,35.85,32.95091635725582,2.8991,231.35,211.4763276450918,19.8737,False
2023-11-08,19443.5,19700.0,8,0.021917808219178082,0.087807823378188,0.087808,25.6,26.702723982661414,-1.1027,270.6,255.15695311092546,15.443,False
2023-11-09,19395.30078125,19150.0,7,0.019178082191780823,0.1369897790695203,0.13699,318.2,317.70090509008514,0.4991,18.05,48.54307892319162,-30.4931,False
2023-11-09,19395.30078125,19200.0,7,0.019178082191780823,0.12666229900464254,0.126662,271.95,268.11684023546684,3.8332,24.2,48.89672413406353,-24.6967,False
2023-11-09,19395.30078125,19250.0,7,0.019178082191780823,0.1184094513735186,0.118409,228.6,227.72946236973794,0.8705,32.1,58.447056333823056,-26.3471,False
2023-11-09,19395.30078125,19300.0,7,0.019178082191780823,0.11532134847319736,0.115321,191.95,191.9838798552386,-0.0339,43.35,72.6391838848204,-29.2892,False
2023-11-09,19395.30078125,19350.0,7,0.019178082191780823,0.11100497615370966,0.111005,156.65,154.44450070622273,2.2055,57.9,85.03751480128786,-27.1375,False
2023-11-09,19395.30078125,19400.0,7,0.019178082191780823,0.10695869031208247,0.106959,124.55,117.82955922167609,6.7204,75.55,98.36028338223572,-22.8103,True
2023-11-09,19395.30078125,19450.0,7,0.019178082191780823,0.10315154162891932,0.103152,96.05,94.5999407489594,1.4501,97.0,125.06837497501297,-28.0684,False
2023-11-09,19395.30078125,19500.0,7,0.019178082191780823,0.09992372417003638,0.099924,71.85,72.51651612397752,-0.6665,123.2,152.92266041551935,-29.7227,False
2023-11-09,19395.30078125,19550.0,7,0.019178082191780823,0.09698141589368388,0.096981,51.8,51.235452123981815,0.5645,153.45,181.57930648100955,-28.1293,False
2023-11-09,19395.30078125,19600.0,7,0.019178082191780823,0.09562403074559826,0.095624,36.95,33.839375210186205,3.1106,187.9,214.12093963270888,-26.2209,False
2023-11-09,19395.30078125,19650.0,7,0.019178082191780823,0.09406171719870174,0.094062,25.25,26.227604303773063,-0.9776,223.9,256.44687879179014,-32.5469,False
2023-11-10,19425.349609375,19200.0,13,0.03561643835616438,0.08811113482244948,0.088111,305.6,303.9451565934357,1.6548,43.3,34.19764407246744,9.1024,False
2023-11-10,19425.349609375,19250.0,13,0.03561643835616438,0.08735647356519823,0.087356,266.1,263.32791478164694,2.7721,54.15,43.46478272122805,10.6852,False
2023-11-10,19425.349609375,19300.0,13,0.03561643835616438,0.08767395585405179,0.087674,230.25,229.93740460025572,0.3126,65.75,59.95865300039305,5.7913,False
2023-11-10,19425.349609375,19350.0,13,0.03561643835616438,0.08461293240650014,0.084613,192.6,191.9897616368557,0.6102,82.15,71.89539049754701,10.2546,False
2023-11-10,19425.349609375,19400.0,13,0.03561643835616438,0.08437336036409765,0.084373,161.45,157.52285209926197,3.9271,99.65,87.31286142051316,12.3371,False
2023-11-10,19425.349609375,19450.0,13,0.03561643835616438,0.08319970838836091,0.0832,132.05,128.1438476344734,3.9062,120.7,107.81823741628362,12.8818,True
2023-11-10,19425.349609375,19500.0,13,0.03561643835616438,0.08367037950822652,0.08367,108.25,108.03379474934918,0.2162,143.35,137.59256499171545,5.7574,False
2023-11-10,19425.349609375,19550.0,13,0.03561643835616438,0.08231449361798363,0.082314,85.05,85.32242801362885,-0.2724,168.55,164.76557871654714,3.7844,False
2023-11-10,19425.349609375,19600.0,13,0.03561643835616438,0.08233141494774078,0.082331,67.0,64.60828912317601,2.3917,205.75,193.93582028665577,11.8142,False
2023-11-10,19425.349609375,19650.0,13,0.03561643835616438,0.08184994991666919,0.08185,51.3,49.75265358687495,1.5473,236.4,228.9645652109143,7.4354,False
2023-11-10,19425.349609375,19700.0,13,0.03561643835616438,0.08068880869407721,0.080689,37.7,39.232041431646955,-1.532,277.45,268.3283335162472,9.1217,False
2023-11-13,19443.55078125,19200.0,10,0.0273972602739726,0.0990142964246732,0.099014,310.8,310.20689754498744,0.5931,29.95,32.49476214514258,-2.5448,False
2023-11-13,19443.55078125,19250.0,10,0.0273972602739726,0.09808150217328586,0.098082,270.7,266.5970106333858,4.103,38.5,38.79591337377854,-0.2959,False
2023-11-13,19443.55078125,19300.0,10,0.0273972602739726,0.09580850306250177,0.095809,231.4,230.5895790099026,0.8104,49.0,52.69951989052879,-3.6995,False
2023-11-13,19443.55078125,19350.0,10,0.0273972602739726,0.09395301267354042,0.093953,194.9,194.82546507926415,0.0745,63.75,66.84644410011954,-3.0964,False
2023-11-13,19443.55078125,19400.0,10,0.0273972602739726,0.09243877806205042,0.092439,161.55,159.10969394336266,2.4403,79.75,81.04171110445914,-1.2917,False
2023-11-13,19443.55078125,19450.0,10,0.0273972602739726,0.09074959762401054,0.09075,131.05,124.65380991458807,6.3962,98.65,96.4968652159169,2.1531,True
2023-11-13,19443.55078125,19500.0,10,0.0273972602739726,0.0893245570825117,0.089325,104.2,102.92998618795215,1.27,122.45,124.68407962951704,-2.2341,False
2023-11-13,19443.55078125,19550.0,10,0.0273972602739726,0.08795873083859113,0.087959,80.9,81.48994004081186,-0.5899,149.1,153.15507162260877,-4.0551,False
2023-11-13,19443.55078125,19600.0,10,0.0273972602739726,0.08721518225959995,0.087215,61.85,60.974725697318355,0.8753,180.05,182.5508954193525,-2.5009,False
2023-11-13,19443.55078125,19650.0,10,0.0273972602739726,0.0863599170542773,0.08636,46.0,42.802936029513205,3.1971,214.75,214.29014389178263,0.4599,False
2023-11-13,19443.55078125,19700.0,10,0.0273972602739726,0.08623262739154104,0.086233,33.95,34.789638708161945,-0.8396,251.4,256.1878847106727,-4.7879,False
2023-11-15,19675.44921875,19450.0,8,0.021917808219178082,0.09310631048355594,0.093106,278.3,276.73924752436795,1.5608,29.0,23.60016870050549,5.3998,False
2023-11-15,19675.44921875,19500.0,8,0.021917808219178082,0.09171569265375192,0.091716,237.2,234.81165567169217,2.3883,38.1,31.601394688242948,6.4986,False
2023-11-15,19675.44921875,19550.0,8,0.021917808219178082,0.09136401206172466,0.091364,199.6,199.6644641555077,-0.0645,50.4,46.38302101248919,4.017,False
2023-11-15,19675.44921875,19600.0,8,0.021917808219178082,0.09011038209741043,0.09011,164.15,163.44940849366853,0.7006,66.0,60.09678319108052,5.9032,False
2023-11-15,19675.44921875,19650.0,8,0.021917808219178082,0.09037593413619147,0.090376,133.75,128.76000898488044,4.99,84.5,75.3362015227164,9.1638,False
2023-11-15,19675.44921875,19700.0,8,0.021917808219178082,0.08971315653354982,0.089713,106.0,101.02920262506814,4.9708,106.6,97.5342130033354,9.0658,True
2023-11-15,19675.44921875,19750.0,8,0.021917808219178082,0.08980218562786611,0.089802,82.9,82.64279890670558,0.2572,133.1,129.07662712539317,4.0234,False
2023-11-15,19675.44921875,19800.0,8,0.021917808219178082,0.08965050921013187,0.089651,63.25,63.98796640877346,-0.738,163.0,160.35061246789397,2.6494,False
2023-11-15,19675.44921875,19850.0,8,0.021917808219178082,0.09010345522717375,0.090103,47.75,45.93793472105457,1.8121,196.1,192.22939862060633,3.8706,False
2023-11-15,19675.44921875,19900.0,8,0.021917808219178082,0.08992010901675977,0.08992,34.8,33.32257139020896,1.4774,234.4,229.54285313018815,4.8571,False
2023-11-15,19675.44921875,19950.0,8,0.021917808219178082,0.09049634209230012,0.090496,25.3,26.981902541819863,-1.6819,275.2,273.13100212222196,2.069,False
2023-11-16,19765.19921875,19500.0,7,0.019178082191780823,0.11859649148684702,0.118596,321.95,322.158280946546,-0.2083,19.7,32.665987738090365,-12.966,False
2023-11-16,19765.19921875,19550.0,7,0.019178082191780823,0.10366208633388913,0.103662,270.6,268.14172275008633,2.4583,25.5,28.587139607116022,-3.0871,False
2023-11-16,19765.19921875,19600.0,7,0.019178082191780823,0.1094768811330717,0.109477,237.05,235.27937410505808,1.7706,33.65,45.66250102758718,-12.0125,False
2023-11-16,19765.19921875,19650.0,7,0.019178082191780823,0.09993191994060899,0.099932,192.55,192.748224328465,-0.1982,42.15,53.06906131647875,-10.9191,False
2023-11-16,19765.19921875,19700.0,7,0.019178082191780823,0.09912807575876363,0.099128,158.75,157.53440321956597,1.2156,58.1,67.79295027307059,-9.693,False
2023-11-16,19765.19921875,19750.0,7,0.019178082191780823,0.09634587666264949,0.096346,126.2,119.83255795297632,6.3674,73.65,80.02881507197503,-6.3788,True
2023-11-16,19765.19921875,19800.0,7,0.019178082191780823,0.09694653444710896,0.096947,100.9,97.22393484104158,3.6761,92.95,107.3579020255294,-14.4079,False
2023-11-16,19765.19921875,19850.0,7,0.019178082191780823,0.09639801724742786,0.096398,78.1,78.31221665945915,-0.2122,113.0,138.3838939094392,-25.3839,False
2023-11-16,19765.19921875,19900.0,7,0.019178082191780823,0.09465668367351732,0.094657,57.8,58.35181118489166,-0.5518,141.65,168.3611985003601,-26.7112,False
2023-11-16,19765.19921875,19950.0,7,0.019178082191780823,0.09056948096447515,0.090569,39.15,36.73409222915129,2.4159,180.2,196.68118961011172,-16.4812,False
2023-11-16,19765.19921875,20000.0,7,0.019178082191780823,0.09012133677143444,0.090121,27.45,26.979003605032197,0.471,211.95,236.86381105148484,-24.9138,False
2023-11-17,19731.80078125,19500.0,13,0.03561643835616438,0.12421294079690755,0.124213,354.0,352.63958782174643,1.3604,44.2,75.74718618910872,-31.5472,False
2023-11-17,19731.80078125,19550.0,13,0.03561643835616438,0.1184610769466343,0.118461,311.4,308.6601925659986,2.7398,52.9,81.65217139392315,-28.7522,False
2023-11-17,19731.80078125,19600.0,13,0.03561643835616438,0.11602652010236995,0.116027,274.5,274.062508987865,0.4375,64.45,96.93886827634888,-32.4889,False
2023-11-17,19731.80078125,19650.0,13,0.03561643835616438,0.11339700581083471,0.113397,239.15,238.90152448664332,0.2485,78.05,111.66226423568092,-33.6123,False
2023-11-17,19731.80078125,19700.0,13,0.03561643835616438,0.1103220271477174,0.110322,205.15,202.75082533694905,2.3992,94.8,125.39594554654337,-30.5959,False
2023-11-17,19731.80078125,19750.0,13,0.03561643835616438,0.10817554162100013,0.108176,174.7,171.2853172680454,3.4147,112.95,143.81481793819765,-30.8648,True
2023-11-17,19731.80078125,19800.0,13,0.03561643835616438,0.10569192756896774,0.105692,146.15,145.70085263123624,0.4491,134.55,168.11473376194908,-33.5647,False
2023-11-17,19731.80078125,19850.0,13,0.03561643835616438,0.10364903166455913,0.103649,120.8,120.91468771522771,-0.1147,158.95,193.2129493064953,-34.2629,False
2023-11-17,19731.80078125,19900.0,13,0.03561643835616438,0.10132454674487024,0.101325,97.7,95.87044290216191,1.8296,186.1,218.05308495398702,-31.9531,False
2023-11-17,19731.80078125,19950.0,13,0.03561643835616438,0.09982178723256707,0.099822,78.45,75.8773714647941,2.5726,216.5,247.9443939771717,-31.4444,False
2023-11-17,19731.80078125,20000.0,13,0.03561643835616438,0.09850789969146771,0.098508,62.05,62.568966172315044,-0.519,250.7,284.52036914525434,-33.8204,False
2023-11-20,19694.0,19450.0,10,0.0273972602739726,0.1263884078171261,0.126388,338.95,338.1526697929735,0.7973,37.1,59.54650634430469,-22.4465,False
2023-11-20,19694.0,19500.0,10,0.0273972602739726,0.12277338557330636,0.122773,298.6,294.7491395168786,3.8509,46.45,66.05401420843988,-19.604,False
2023-11-20,19694.0,19550.0,10,0.0273972602739726,0.11860100764618163,0.118601,259.2,258.37897794545717,0.821,57.35,79.59489077725755,-22.2449,False
2023-11-20,19694.0,19600.0,10,0.0273972602739726,0.11465021664003103,0.11465,221.85,221.78795456350582,0.062,70.3,92.91490553554043,-22.6149,False
2023-11-20,19694.0,19650.0,10,0.0273972602739726,0.1121273420533246,0.112127,188.4,186.5181737384845,1.8818,86.95,107.55616285074935,-20.6062,False
2023-11-20,19694.0,19700.0,10,0.0273972602739726,0.10981597511014755,0.109816,157.7,152.54905066001763,5.1509,106.1,123.4980779125224,-17.3981,True
2023-11-20,19694.0,19750.0,10,0.0273972602739726,0.10777773733481369,0.107778,130.05,128.9667975774407,1.0832,128.0,149.82686297017605,-21.8269,False
2023-11-20,19694.0,19800.0,10,0.0273972602739726,0.10550196524718287,0.105502,104.95,105.25977228867362,-0.3098,153.15,176.03087582164613,-22.8809,False
2023-11-20,19694.0,19850.0,10,0.0273972602739726,0.10418454914832172,0.104185,84.0,82.93363526006708,1.0664,181.0,203.61577693327013,-22.6158,False
2023-11-20,19694.0,19900.0,10,0.0273972602739726,0.10244637152087535,0.102446,65.45,61.74244682158202,3.7076,213.1,232.3356266350193,-19.2356,False
2023-11-20,19694.0,19950.0,10,0.0273972602739726,0.10187182352074373,0.101872,51.0,51.148236144785955,-0.1482,248.15,271.6524540984633,-23.5025,False
2023-11-21,19783.400390625,19550.0,9,0.024657534246575342,0.1298319794961243,0.129832,325.85,324.49292961633216,1.3571,32.2,59.78407370998609,-27.5841,False
2023-11-21,19783.400390625,19600.0,9,0.024657534246575342,0.12608959706780157,0.12609,285.85,282.8375462899479,3.0125,40.15,68.04861758237742,-27.8986,False
2023-11-21,19783.400390625,19650.0,9,0.024657534246575342,0.11870072762992072,0.118701,243.45,243.0276310440272,0.4224,49.65,78.15862953522338,-28.5086,False
2023-11-21,19783.400390625,19700.0,9,0.024657534246575342,0.11554000202206599,0.11554,207.55,207.3187983830795,0.2312,62.1,92.36972407304252,-30.2697,False
2023-11-21,19783.400390625,19750.0,9,0.024657534246575342,0.11162121722846902,0.111621,173.05,170.22818919535786,2.8218,77.5,105.19904208409292,-27.699,False
2023-11-21,19783.400390625,19800.0,9,0.024657534246575342,0.1080121724229325,0.108012,141.5,137.0616450995932,4.4384,95.8,121.95242518709406,-26.1524,True
2023-11-21,19783.400390625,19850.0,9,0.024657534246575342,0.10615400520993384,0.106154,115.0,114.38136706840292,0.6186,117.05,149.19207435467328,-32.1421,False
2023-11-21,19783.400390625,19900.0,9,0.024657534246575342,0.10200129894421871,0.102001,88.8,89.17835163393366,-0.3784,142.4,173.90898611897472,-31.509,False
2023-11-21,19783.400390625,19950.0,9,0.024657534246575342,0.09911398300922283,0.099114,67.45,65.89505757808456,1.5549,171.5,200.54561926189143,-29.0456,False
2023-11-21,19783.400390625,20000.0,9,0.024657534246575342,0.0971313850184453,0.097131,50.4,47.70104854387912,2.699,203.85,232.2715374264583,-28.4215,False
2023-11-21,19783.400390625,20050.0,9,0.024657534246575342,0.09480795231820993,0.094808,36.15,37.10136840898324,-0.9514,240.15,271.59178449032345,-31.4418,False
2023-11-22,19811.849609375,19550.0,8,0.021917808219178082,0.14940716787846042,0.149407,355.5,355.3124318611346,0.1876,18.75,65.6305980931239,-46.8806,False
2023-11-22,19811.849609375,19600.0,8,0.021917808219178082,0.14263697838555398,0.142637,312.6,309.92740305543634,2.6726,23.9,70.17438712785156,-46.2744,False
2023-11-22,19811.849609375,19650.0,8,0.021917808219178082,0.13276390853251963,0.132764,267.7,266.0937492861856,1.6063,30.75,76.26955119902674,-45.5196,False
2023-11-22,19811.849609375,19700.0,8,0.021917808219178082,0.1255521275757491,0.125552,226.85,226.8433436303039,0.0067,39.7,86.94796338357429,-47.248,False
2023-11-22,19811.849609375,19750.0,8,0.021917808219178082,0.11924705880848203,0.119247,188.8,187.8084756661926,0.9915,51.3,97.84191325988726,-46.5419,False
2023-11-22,19811.849609375,19800.0,8,0.021917808219178082,0.11379900670206902,0.113799,154.0,148.95460296004083,5.0454,66.55,108.91685839416138,-42.3669,True
2023-11-22,19811.849609375,19850.0,8,0.021917808219178082,0.1084956754485688,0.108496,122.1,119.49207269394167,2.6079,84.75,129.38314596849017,-44.6331,False
2023-11-22,19811.849609375,19900.0,8,0.021917808219178082,0.10378694398780107,0.103787,94.05,94.24600993316108,-0.196,106.65,154.0659010481358,-47.4159,False
2023-11-22,19811.849609375,19950.0,8,0.021917808219178082,0.09982949257582074,0.099829,70.35,70.4196421519118,-0.0696,132.45,180.16835110731418,-47.7184,False
2023-11-22,19811.849609375,20000.0,8,0.021917808219178082,0.09687600085988511,0.096876,51.35,48.183995223093795,3.166,163.8,207.86152201892293,-44.0615,False
2023-11-22,19811.849609375,20050.0,8,0.021917808219178082,0.09336139115498915,0.093361,35.4,34.78864898810971,0.6114,198.05,244.3949936243609,-46.345,False
2023-11-23,19802.0,19550.0,7,0.019178082191780823,0.14986686196303564,0.149867,336.95,336.4700359651642,0.48,14.85,60.11467157219579,-45.2647,False
2023-11-23,19802.0,19600.0,7,0.019178082191780823,0.13887875983806772,0.138879,290.5,286.93914057008953,3.5609,19.6,60.52148624261678,-40.9215,False
2023-11-23,19802.0,19650.0,7,0.019178082191780823,0.1311646377054374,0.131165,248.1,246.99545871263473,1.1045,25.65,70.51551445064726,-44.8655,False
2023-11-23,19802.0,19700.0,7,0.019178082191780823,0.1219244051907802,0.121924,205.7,205.75784231422278,-0.0578,34.75,79.21560811772909,-44.4656,False
2023-11-23,19802.0,19750.0,7,0.019178082191780823,0.11488731641645931,0.114887,167.45,165.71254419855057,1.7375,46.3,89.10802006754938,-42.808,False
2023-11-23,19802.0,19800.0,7,0.019178082191780823,0.10874861457315521,0.108749,132.7,125.58419838520227,7.1158,61.2,98.91738431969151,-37.7174,True
2023-11-23,19802.0,19850.0,7,0.019178082191780823,0.10373795444212089,0.103738,102.3,100.19441915120439,2.1056,80.7,123.46531515118228,-42.7653,False
2023-11-23,19802.0,19900.0,7,0.019178082191780823,0.09804502158707648,0.098045,74.8,75.39316583367689,-0.5932,103.85,148.60177189914583,-44.7518,False
2023-11-23,19802.0,19950.0,7,0.019178082191780823,0.09403558721363553,0.094036,53.1,53.18507285674147,-0.0851,131.35,176.33138898770667,-44.9814,False
2023-11-23,19802.0,20000.0,7,0.019178082191780823,0.09078602331434864,0.090786,36.2,32.42203850041062,3.778,164.7,205.50606469686602,-40.8061,False
2023-11-23,19802.0,20050.0,7,0.019178082191780823,0.08781325644044498,0.087813,23.4,23.958719109097856,-0.5587,199.85,246.98045537104028,-47.1305,False
2023-11-24,19794.69921875,19550.0,13,0.03561643835616438,0.12326342367240041,0.123263,362.8,361.9605641844739,0.8394,39.4,72.0541055123992,-32.6541,False
2023-11-24,19794.69921875,19600.0,13,0.03561643835616438,0.12015853113808661,0.120159,323.15,319.5565587155251,3.5934,48.1,79.5344805040122,-31.4345,False
2023-11-24,19794.69921875,19650.0,13,0.03561643835616438,0.11743320866609788,0.117433,285.5,284.678462710458,0.8215,59.15,94.54076495950167,-35.3908,False
2023-11-24,19794.69921875,19700.0,13,0.03561643835616438,0.11330108581333011,0.113301,247.6,247.5127266978035,0.0873,72.1,107.25940940739657,-35.1594,False
2023-11-24,19794.69921875,19750.0,13,0.03561643835616438,0.11034362440881475,0.110344,213.2,211.5667161433676,1.6333,88.1,121.19777931352125,-33.0978,False
2023-11-24,19794.69921875,19800.0,13,0.03561643835616438,0.1069591819814603,0.106959,180.3,175.6401085441469,4.6599,105.9,135.15555217485695,-29.2556,True
2023-11-24,19794.69921875,19850.0,13,0.03561643835616438,0.10421829393839285,0.104218,150.7,149.6738087855877,1.0262,125.65,159.0736328768569,-33.4236,False
2023-11-24,19794.69921875,19900.0,13,0.03561643835616438,0.10126698900711059,0.101267,123.35,123.57776417062334,-0.2278,148.6,182.86196872244875,-34.262,False
2023-11-24,19794.69921875,19950.0,13,0.03561643835616438,0.09908545795019782,0.099085,99.85,98.79593994841537,1.0541,173.4,207.9645249607959,-34.5645,False
2023-11-24,19794.69921875,20000.0,13,0.03561643835616438,0.09661923165295387,0.096619,78.75,74.88633949079188,3.8637,203.05,233.9393049637265,-30.8893,False
2023-11-24,19794.69921875,20050.0,13,0.03561643835616438,0.09393524183433034,0.093935,60.25,60.23685185645927,0.0131,234.85,269.17419778995446,-34.3242,False
2023-11-28,19889.69921875,19650.0,9,0.024657534246575342,0.1720106503566128,0.172011,375.35,374.3738572268782,0.9761,34.6,103.20602759307236,-68.606,False
2023-11-28,19889.69921875,19700.0,9,0.024657534246575342,0.1665721902613941,0.166572,335.6,332.7301405370069,2.8699,42.1,111.48223810196619,-69.3822,False
2023-11-28,19889.69921875,19750.0,9,0.024657534246575342,0.1564800554298341,0.15648,291.7,291.12869312982167,0.5713,52.7,119.80071789355218,-67.1007,False
2023-11-28,19889.69921875,19800.0,9,0.024657534246575342,0.1501359646459164,0.150136,253.45,253.37317378495146,0.0768,64.75,131.96512574745162,-67.2151,False
2023-11-28,19889.69921875,19850.0,9,0.024657534246575342,0.14452477105018513,0.144525,217.75,216.0377016759198,1.7123,78.65,144.54958083718907,-65.8996,False
2023-11-28,19889.69921875,19900.0,9,0.024657534246575342,0.13920697207189625,0.139207,184.35,180.52090128938045,3.8291,94.3,158.95270764942052,-64.6527,True
2023-11-28,19889.69921875,19950.0,9,0.024657534246575342,0.13401219730492364,0.134012,153.3,152.5587239265566,0.7413,112.55,180.91045748536487,-68.3605,False
2023-11-28,19889.69921875,20000.0,9,0.024657534246575342,0.12918163941184163,0.129182,125.15,125.32548070358422,-0.1755,133.45,203.59714146115988,-70.1471,False
2023-11-28,19889.69921875,20050.0,9,0.024657534246575342,0.12305969466812404,0.12306,98.15,96.86864730266657,1.2814,158.95,225.06023525901043,-66.1102,False
2023-11-28,19889.69921875,20100.0,9,0.024657534246575342,0.11988257459520255,0.119883,77.5,74.06964037283593,3.4304,185.6,252.181155527945,-66.5812,False
2023-11-28,19889.69921875,20150.0,9,0.024657534246575342,0.11598420454855544,0.115984,58.9,58.95853078531397,-0.0585,220.5,286.9899731391916,-66.49,False
2023-11-29,20096.599609375,19850.0,8,0.021917808219178082,0.17049659511903245,0.170497,367.6,366.75953450387107,0.8405,41.6,91.90060777842136,-50.3006,False
2023-11-29,20096.599609375,19900.0,8,0.021917808219178082,0.1641759682441963,0.164176,326.65,323.2431404553754,3.4069,49.15,98.31303157035295,-49.163,False
2023-11-29,20096.599609375,19950.0,8,0.021917808219178082,0.1571659427753243,0.157166,286.2,285.4356438853711,0.7644,59.4,110.43435284077285,-51.0344,False
2023-11-29,20096.599609375,20000.0,8,0.021917808219178082,0.1525587038755691,0.152559,249.9,249.87804540012746,0.022,71.05,124.80557219595482,-53.7556,False
2023-11-29,20096.599609375,20050.0,8,0.021917808219178082,0.14468889836602425,0.144689,211.6,210.1109160641374,1.4891,85.4,134.96726070039526,-49.5673,False
2023-11-29,20096.599609375,20100.0,8,0.021917808219178082,0.1396813367696536,0.139681,178.6,173.82433207793764,4.7757,101.7,148.60949455462048,-46.9095,True
2023-11-29,20096.599609375,20150.0,8,0.021917808219178082,0.13442659104134588,0.134427,147.6,146.44188510590826,1.1581,120.95,171.1558654230184,-50.2059,False
2023-11-29,20096.599609375,20200.0,8,0.021917808219178082,0.12955026272669717,0.12955,119.6,119.82155105005526,-0.2216,141.75,194.46434920759526,-52.7143,False
2023-11-29,20096.599609375,20250.0,8,0.021917808219178082,0.12472369393579527,0.124724,94.45,93.60747809299862,0.8425,166.7,218.17909409096458,-51.4791,False
2023-11-29,20096.599609375,20300.0,8,0.021917808219178082,0.12060231536679097,0.120602,73.05,68.63265449550272,4.4173,196.05,243.1330883338879,-47.0831,False
2023-11-29,20096.599609375,20350.0,8,0.021917808219178082,0.11798736587433138,0.117987,56.15,55.75787279192591,0.3921,229.7,280.1871244707477,-50.4871,False
2023-11-30,20133.150390625,19900.0,7,0.019178082191780823,0.1712157031226805,0.171216,345.5,344.00425652588495,1.4957,42.55,86.06247196635434,-43.5125,False
2023-11-30,20133.150390625,19950.0,7,0.019178082191780823,0.16161707755697616,0.161617,301.75,299.1226502685978,2.6273,51.55,91.11857577456064,-39.5686,False
2023-11-30,20133.150390625,20000.0,7,0.019178082191780823,0.15561851813677224,0.155619,262.85,262.4977016554126,0.3523,61.8,104.43133722686197,-42.6313,False
2023-11-30,20133.150390625,20050.0,7,0.019178082191780823,0.1492826671014684,0.149283,225.25,225.05294865839284,0.1971,75.15,116.92429429533715,-41.7743,False
2023-11-30,20133.150390625,20100.0,7,0.019178082191780823,0.14403167418428178,0.144032,190.75,188.2744685465953,2.4755,89.15,130.08352424903174,-40.9335,False
2023-11-30,20133.150390625,20150.0,7,0.019178082191780823,0.14053971789265646,0.14054,160.45,156.62991929689179,3.8201,107.1,148.3766850648168,-41.2767,True
2023-11-30,20133.150390625,20200.0,7,0.019178082191780823,0.1364536413431649,0.136454,132.0,131.4095926630128,0.5904,126.55,173.09406849642917,-46.5441,False
2023-11-30,20133.150390625,20250.0,7,0.019178082191780823,0.13083264644668435,0.130833,104.6,104.8270225397863,-0.227,150.85,196.44920843869164,-45.5992,False
2023-11-30,20133.150390625,20300.0,7,0.019178082191780823,0.12677687179570535,0.126777,81.85,80.3139637772687,1.536,175.55,221.87385974166696,-46.3239,False
2023-11-30,20133.150390625,20350.0,7,0.019178082191780823,0.12272619874968962,0.122726,62.15,58.983187473369384,3.1668,206.6,250.48079350325932,-43.8808,False
2023-11-30,20133.150390625,20400.0,7,0.019178082191780823,0.1193123874490818,0.119312,46.1,46.48298936408684,-0.383,242.05,287.91830545946885,-45.8683,False
2023-12-01,20267.900390625,20000.0,13,0.03561643835616438,0.13072119112671393,0.130721,393.4,393.1138728812641,0.2861,69.7,78.96566647920262,-9.2657,False
2023-12-01,20267.900390625,20050.0,13,0.03561643835616438,0.12563864188870222,0.125639,351.05,348.558373928118,2.4916,79.65,84.29454798660973,-4.6445,False
2023-12-01,20267.900390625,20100.0,13,0.03561643835616438,0.12417795956341021,0.124178,314.75,313.0983198139245,1.6517,91.85,98.71887433297547,-6.8689,False
2023-12-01,20267.900390625,20150.0,13,0.03561643835616438,0.12175589180198632,0.121756,278.8,278.67415036634304,0.1258,105.75,114.17908534595566,-8.4291,False
2023-12-01,20267.900390625,20200.0,13,0.03561643835616438,0.1205466506804313,0.120547,246.4,245.78803731283259,0.612,121.5,131.17735275300026,-9.6774,False
2023-12-01,20267.900390625,20250.0,13,0.03561643835616438,0.11790930167519222,0.117909,213.85,210.566368606548,3.2836,139.45,145.84006450727878,-6.3901,True
2023-12-01,20267.900390625,20300.0,13,0.03561643835616438,0.11595840902128765,0.115958,184.4,182.12312136923632,2.2769,159.1,167.28119773052092,-8.1812,False
2023-12-01,20267.900390625,20350.0,13,0.03561643835616438,0.11373951878292271,0.11374,156.75,156.64993141962898,0.1001,181.25,191.69238824147098,-10.4424,False
2023-12-01,20267.900390625,20400.0,13,0.03561643835616438,0.11180689286945539,0.111807,131.85,131.7174868735172,0.1325,206.8,216.64432415591034,-9.8443,False
2023-12-01,20267.900390625,20450.0,13,0.03561643835616438,0.10977979836719741,0.10978,109.2,106.75457752314269,2.4454,232.85,241.56579526609232,-8.7158,False
2023-12-01,20267.900390625,20500.0,13,0.03561643835616438,0.1077946763655396,0.107795,89.05,87.06825619290066,1.9817,263.35,271.7638543964129,-8.4139,False
2023-12-04,20686.80078125,20450.0,10,0.0273972602739726,0.13860937591344283,0.138609,355.4,353.66401467966796,1.736,67.25,80.47783278569294,-13.2278,False
2023-12-04,20686.80078125,20500.0,10,0.0273972602739726,0.13407706051333826,0.134077,315.15,312.5214191807822,2.6286,79.0,89.24627542704089,-10.2463,False
2023-12-04,20686.80078125,20550.0,10,0.0273972602739726,0.1317272350525784,0.131727,279.05,278.65788295223973,0.3921,92.45,105.29377733872906,-12.8438,False
2023-12-04,20686.80078125,20600.0,10,0.0273972602739726,0.13073897456790806,0.130739,246.55,246.35141880235608,0.1986,107.1,122.89835132908318,-15.7984,False
2023-12-04,20686.80078125,20650.0,10,0.0273972602739726,0.12887957361117644,0.12888,214.95,212.7545496079968,2.1955,126.6,139.21252027496115,-12.6125,False
2023-12-04,20686.80078125,20700.0,10,0.0273972602739726,0.1279140977866336,0.127914,186.7,182.78560559580495,3.9144,146.6,159.15461440300876,-12.5546,True
2023-12-04,20686.80078125,20750.0,10,0.0273972602739726,0.12544757373315976,0.125448,158.65,157.8882144436238,0.7618,170.45,184.16826139105495,-13.7183,False
2023-12-04,20686.80078125,20800.0,10,0.0273972602739726,0.12395198264524461,0.123952,134.25,134.43256398572777,-0.1826,195.65,210.62364907339546,-14.9736,False
2023-12-04,20686.80078125,20850.0,10,0.0273972602739726,0.12251808282833071,0.122518,112.3,111.14782064939706,1.1522,223.6,237.2499438773045,-13.6499,False
2023-12-04,20686.80078125,20900.0,10,0.0273972602739726,0.12158469971768723,0.121585,93.35,89.38140794614911,3.9686,253.75,265.3945693142865,-11.6446,False
2023-12-04,20686.80078125,20950.0,10,0.0273972602739726,0.12038078004047174,0.120381,76.35,75.92401116209692,0.426,289.5,301.8482106704738,-12.3482,False
2023-12-05,20855.099609375,20600.0,9,0.024657534246575342,0.12969129051112818,0.129691,350.1,349.1223341376201,0.9777,56.6,61.03273065542833,-4.4327,False
2023-12-05,20855.099609375,20650.0,9,0.024657534246575342,0.12710498672961748,0.127105,310.8,306.7094317730264,4.0906,68.05,68.53975548959608,-0.4898,False
2023-12-05,20855.099609375,20700.0,9,0.024657534246575342,0.12582328568439366,0.125823,274.7,273.7379708074103,0.962,80.4,85.48822172275048,-5.0882,False
2023-12-05,20855.099609375,20750.0,9,0.024657534246575342,0.1239868954036565,0.123987,239.95,239.94028354440738,0.0097,96.5,101.61046165851641,-5.1105,False
2023-12-05,20855.099609375,20800.0,9,0.024657534246575342,0.12223759797981754,0.122238,207.45,206.03778478052408,1.4122,113.75,117.62789009339853,-3.8779,False
2023-12-05,20855.099609375,20850.0,9,0.024657534246575342,0.1214429319160202,0.121443,178.5,173.20756873636802,5.2924,134.05,134.7176012480152,-0.6676,True
2023-12-05,20855.099609375,20900.0,9,0.024657534246575342,0.12059904112831518,0.120599,151.95,150.04007008303222,1.9099,157.25,161.4700297934484,-4.22,False
2023-12-05,20855.099609375,20950.0,9,0.024657534246575342,0.12016817443486538,0.120168,128.45,128.57406102343697,-0.1241,183.55,189.92394793262312,-6.3739,False
2023-12-05,20855.099609375,21000.0,9,0.024657534246575342,0.11961645421217779,0.119616,107.3,106.98834248997517,0.3117,211.45,218.25815659792883,-6.8082,False
2023-12-05,20855.099609375,21050.0,9,0.024657534246575342,0.11930222037341388,0.119302,88.9,85.73280919859477,3.1672,244.2,246.9225505053182,-2.7226,False
2023-12-05,20855.099609375,21100.0,9,0.024657534246575342,0.11982596221070294,0.119826,73.8,72.17265351377864,1.6273,278.6,283.2823220192623,-4.6823,False
2023-12-06,20937.69921875,20700.0,8,0.021917808219178082,0.1434793603555454,0.143479,341.15,339.2254200103169,1.9246,46.3,72.0567871971252,-25.7568,False
2023-12-06,20937.69921875,20750.0,8,0.021917808219178082,0.13884401239906957,0.138844,300.95,298.27086700734196,2.6791,56.85,81.0310520345817,-24.1811,False
2023-12-06,20937.69921875,20800.0,8,0.021917808219178082,0.13552854902569894,0.135529,263.75,263.39860908763217,0.3514,69.4,96.08761195529598,-26.6876,False
2023-12-06,20937.69921875,20850.0,8,0.021917808219178082,0.13081210072401567,0.130812,226.75,226.53550382539837,0.2145,85.2,109.15332453348248,-23.9533,False
2023-12-06,20937.69921875,20900.0,8,0.021917808219178082,0.12936180672681735,0.129362,195.7,193.2140629684466,2.4859,103.4,125.76070151695967,-22.3607,False
2023-12-06,20937.69921875,20950.0,8,0.021917808219178082,0.12845679204776198,0.128457,167.7,163.11693150902914,4.5831,124.65,145.5923878979742,-20.9424,True
2023-12-06,20937.69921875,21000.0,8,0.021917808219178082,0.1267570730786338,0.126757,141.2,140.25521091715964,0.9448,148.75,172.65948514652905,-23.9095,False
2023-12-06,20937.69921875,21050.0,8,0.021917808219178082,0.12571568456243556,0.125716,118.05,118.31115034524062,-0.2612,175.15,200.64424241503997,-25.4942,False
2023-12-06,20937.69921875,21100.0,8,0.021917808219178082,0.12515008963129953,0.12515,98.0,96.99955261606313,1.0004,205.05,229.26146252628973,-24.2115,False
2023-12-06,20937.69921875,21150.0,8,0.021917808219178082,0.12449455353476409,0.124495,80.3,75.79059951045504,4.5094,237.45,257.9813272611045,-20.5313,False
2023-12-06,20937.69921875,21200.0,8,0.021917808219178082,0.12459778942816394,0.124598,65.75,65.16329818441778,0.5867,271.3,297.28284377549693,-25.9828,False
2023-12-07,20901.150390625,20650.0,7,0.019178082191780823,0.15581307634998814,0.155813,350.25,349.09564042619866,1.1544,25.35,72.2195068490349,-46.8695,False
2023-12-07,20901.150390625,20700.0,7,0.019178082191780823,0.14694962145815976,0.14695,305.95,302.246764058209,3.7032,32.3,75.30834054653776,-43.0083,False
2023-12-07,20901.150390625,20750.0,7,0.019178082191780823,0.14294412278912616,0.142944,267.8,267.0283180279877,0.7717,41.65,90.02760458181066,-48.3776,False
2023-12-07,20901.150390625,20800.0,7,0.019178082191780823,0.13510197812658378,0.135102,227.25,227.24892587963308,0.0011,53.75,100.18592249894382,-46.4359,False
2023-12-07,20901.150390625,20850.0,7,0.019178082191780823,0.13133130918269822,0.131331,193.05,191.3180992171184,1.7319,68.95,114.19280590191931,-45.2428,False
2023-12-07,20901.150390625,20900.0,7,0.019178082191780823,0.12730483650782196,0.127305,160.9,154.63095559150844,6.269,86.9,127.44337234180165,-40.5434,True
2023-12-07,20901.150390625,20950.0,7,0.019178082191780823,0.12501837176453906,0.125018,133.35,131.48608676619074,1.8639,107.65,154.23621358197707,-46.5862,False
2023-12-07,20901.150390625,21000.0,7,0.019178082191780823,0.12218014071885215,0.12218,107.95,108.19381578277563,-0.2438,132.55,180.8816526640478,-48.3317,False
2023-12-07,20901.150390625,21050.0,7,0.019178082191780823,0.12015374637168431,0.120154,86.35,86.04636989138362,0.3036,161.7,208.67191683814934,-46.9719,False
2023-12-07,20901.150390625,21100.0,7,0.019178082191780823,0.11824388678291446,0.118244,67.75,64.22423057235275,3.5258,192.05,236.78748758461015,-44.7375,False
2023-12-07,20901.150390625,21150.0,7,0.019178082191780823,0.1171214374717146,0.117121,52.7,51.43558877988342,1.2644,226.05,273.9365558576326,-47.8866,False
2023-12-08,20969.400390625,20700.0,13,0.03561643835616438,0.12975077077597041,0.129751,400.1,399.58324640641115,0.5168,47.65,82.31636645215345,-34.6664,False
2023-12-08,20969.400390625,20750.0,13,0.03561643835616438,0.1261493862005381,0.126149,359.65,356.69255351507013,2.9574,57.05,89.31005402137403,-32.2601,False
2023-12-08,20969.400390625,20800.0,13,0.03561643835616438,0.12138375596913062,0.121384,318.8,317.2785067457559,1.5215,67.2,99.78038771261377,-32.5804,False
2023-12-08,20969.400390625,20850.0,13,0.03561643835616438,0.11961120255657098,0.119611,283.65,283.54377942917193,0.1062,80.7,115.9300408565895,-35.23,False
2023-12-08,20969.400390625,20900.0,13,0.03561643835616438,0.1163339239463811,0.116334,248.0,247.30577430588284,0.6942,95.65,129.57641619385677,-33.9264,False
2023-12-08,20969.400390625,20950.0,13,0.03561643835616438,0.11451772318111683,0.114518,216.45,213.0048929697017,3.4451,113.3,145.15991531823087,-31.8599,True
2023-12-08,20969.400390625,21000.0,13,0.03561643835616438,0.1122728876852542,0.112273,186.3,183.67503694347596,2.625,133.55,165.71443975256193,-32.1644,False
2023-12-08,20969.400390625,21050.0,13,0.03561643835616438,0.11006393376692204,0.110064,158.4,158.18885500018655,0.2111,158.0,190.11263826983,-32.1126,False
2023-12-08,20969.400390625,21100.0,13,0.03561643835616438,0.10926071628580389,0.109261,135.0,135.0032260167703,-0.0032,180.3,216.8113897469704,-36.5114,False
2023-12-08,20969.400390625,21150.0,13,0.03561643835616438,0.10836414590381126,0.108364,113.75,111.72160848036896,2.0284,205.0,243.41415267112544,-38.4142,False
2023-12-08,20969.400390625,21200.0,13,0.03561643835616438,0.10654917567144666,0.106549,93.45,90.66203513213053,2.788,239.0,272.23895978344916,-33.239,False
2023-12-11,20997.099609375,20750.0,10,0.0273972602739726,0.1316927923082671,0.131693,357.65,356.20098411209517,1.449,50.2,72.18220293452917,-21.9822,False
2023-12-11,20997.099609375,20800.0,10,0.0273972602739726,0.1262571800194105,0.126257,315.6,312.31055291289533,3.2894,60.15,78.20280987556636,-18.0528,False
2023-12-11,20997.099609375,20850.0,10,0.0273972602739726,0.12483121551373733,0.124831,279.85,279.21055963172313,0.6394,72.85,95.01385473462653,-22.1639,False
2023-12-11,20997.099609375,20900.0,10,0.0273972602739726,0.1242107512688959,0.124211,247.1,247.01380675455934,0.0862,87.2,112.7281399977004,-25.5281,False
2023-12-11,20997.099609375,20950.0,10,0.0273972602739726,0.12311052134148645,0.123111,215.85,214.08603456310766,1.764,104.85,129.7114059464765,-24.8614,False
2023-12-11,20997.099609375,21000.0,10,0.0273972602739726,0.11917287212371923,0.119173,182.9,177.55965418266953,5.3403,123.85,143.09606370627716,-19.2461,True
2023-12-11,20997.099609375,21050.0,10,0.0273972602739726,0.11821067105549916,0.118211,156.35,154.9574911803624,1.3925,144.55,170.40493884420889,-25.8549,False
2023-12-11,20997.099609375,21100.0,10,0.0273972602739726,0.11537296034631941,0.115373,129.65,129.85846217178255,-0.2085,169.7,195.216947975861,-25.5169,False
2023-12-11,20997.099609375,21150.0,10,0.0273972602739726,0.11483748919479526,0.114837,108.6,108.0213621150416,0.5786,197.35,223.29088605934956,-25.9409,False
2023-12-11,20997.099609375,21200.0,10,0.0273972602739726,0.1142112849378588,0.114211,89.85,86.10757033145413,3.7424,229.8,251.28813241599963,-21.4881,False
2023-12-11,20997.099609375,21250.0,10,0.0273972602739726,0.1121283101667485,0.112128,71.7,70.5076184765248,1.1924,265.6,285.5992187013088,-19.9992,False
2023-12-12,20906.400390625,20650.0,9,0.024657534246575342,0.15115718015732504,0.151157,374.3,373.3864794511077,0.9135,41.5,83.91602191767977,-42.416,False
2023-12-12,20906.400390625,20700.0,9,0.024657534246575342,0.15648720546311554,0.156487,345.55,341.8998888103839,3.6501,50.7,102.34935847573156,-51.6494,False
2023-12-12,20906.400390625,20750.0,9,0.024657534246575342,0.14517391450491493,0.145174,299.0,298.04594088634076,0.9541,61.25,108.41533775044516,-47.1653,False
2023-12-12,20906.400390625,20800.0,9,0.024657534246575342,0.14662560822527815,0.146626,269.3,269.28825707719034,0.0117,73.65,129.57758114006978,-55.9276,False
2023-12-12,20906.400390625,20850.0,9,0.024657534246575342,0.1415613179322799,0.141561,233.35,232.22919313703423,1.1208,89.2,142.43844439867962,-53.2384,False
2023-12-12,20906.400390625,20900.0,9,0.024657534246575342,0.13823398373124302,0.138234,201.5,197.0425060279686,4.4575,105.9,157.17168448838575,-51.2717,True
2023-12-12,20906.400390625,20950.0,9,0.024657534246575342,0.13525470737971346,0.135255,172.2,170.4446580473546,1.7553,125.5,180.49376370654124,-54.9938,False
2023-12-12,20906.400390625,21000.0,9,0.024657534246575342,0.13177829459564327,0.131778,144.5,144.56683853074944,-0.0668,148.7,204.53587138870313,-55.8359,False
2023-12-12,20906.400390625,21050.0,9,0.024657534246575342,0.12948339064977385,0.129483,120.7,120.38760253151503,0.3124,173.65,230.27656258823984,-56.6266,False
2023-12-12,20906.400390625,21100.0,9,0.024657534246575342,0.12660447675892497,0.126604,98.6,95.6313810588401,2.9686,202.85,255.4402683143321,-52.5903,False
2023-12-12,20906.400390625,21150.0,9,0.024657534246575342,0.12500827336222062,0.125008,80.5,78.73000680273168,1.77,234.75,288.45882125699507,-53.7088,False
2023-12-13,20926.349609375,20700.0,8,0.021917808219178082,0.13692489008782666,0.136925,326.15,323.45139240897794,2.6986,32.25,67.63236897079192,-35.3824,False
2023-12-13,20926.349609375,20750.0,8,0.021917808219178082,0.13238626860725913,0.132386,286.05,284.04087333434677,2.0091,40.85,78.15066773658583,-37.3007,False
2023-12-13,20926.349609375,20800.0,8,0.021917808219178082,0.12671336319148194,0.126713,246.25,246.14576690066815,0.1042,52.15,90.18437914333433,-38.0344,False
2023-12-13,20926.349609375,20850.0,8,0.021917808219178082,0.12218740017679819,0.122187,209.55,208.9831747017104,0.5668,67.2,102.95060478479917,-35.7506,False
2023-12-13,20926.349609375,20900.0,8,0.021917808219178082,0.1195055137097814,0.119506,177.25,173.56455115830053,3.6854,82.75,117.46079908181648,-34.7108,False
2023-12-13,20926.349609375,20950.0,8,0.021917808219178082,0.11696612072667409,0.116966,147.65,143.6895779844753,3.9604,103.0,137.5146437484202,-34.5146,True
2023-12-13,20926.349609375,21000.0,8,0.021917808219178082,0.11420683644317066,0.114207,120.5,119.99975066124247,0.5002,124.65,163.753634265617,-39.1036,False
2023-12-13,20926.349609375,21050.0,8,0.021917808219178082,0.1124207263647593,0.112421,97.4,97.72812173325858,-0.3281,152.85,191.410823178057,-38.5608,False
2023-12-13,20926.349609375,21100.0,8,0.021917808219178082,0.11160912042420724,0.111609,78.3,76.74006733542163,1.5599,180.55,220.3515866206494,-39.8016,False
2023-12-13,20926.349609375,21150.0,8,0.021917808219178082,0.10955352878769242,0.109554,60.6,57.14832545359475,3.4517,214.05,250.68866257925404,-36.6387,False
2023-12-13,20926.349609375,21200.0,8,0.021917808219178082,0.1087289228913535,0.108729,46.9,47.211449613273345,-0.3114,251.75,290.68060457935735,-38.9306,False
2023-12-14,21182.69921875,20950.0,7,0.019178082191780823,0.16937311500732963,0.169373,352.85,350.5586877371911,2.2913,24.15,91.75998642797191,-67.61,False
2023-12-14,21182.69921875,21000.0,7,0.019178082191780823,0.16130320686365984,0.161303,310.45,308.30388300009344,2.1461,30.85,99.4428917563701,-68.5929,False
2023-12-14,21182.69921875,21050.0,7,0.019178082191780823,0.15218602779154639,0.152186,268.1,267.8961887646867,0.2038,38.5,108.97290758645704,-70.4729,False
2023-12-14,21182.69921875,21100.0,7,0.019178082191780823,0.14584160664082296,0.145842,230.25,229.92629620316228,0.3237,50.65,120.9407250904211,-70.2907,False
2023-12-14,21182.69921875,21150.0,7,0.019178082191780823,0.13833397883032802,0.138334,192.9,190.0011407995014,2.8989,63.5,130.9532797522501,-67.4533,False
2023-12-14,21182.69921875,21200.0,7,0.019178082191780823,0.13461534077146026,0.134615,162.1,157.82889337131667,4.2711,82.3,148.7187423895547,-66.4187,True
2023-12-14,21182.69921875,21250.0,7,0.019178082191780823,0.1307823095798724,0.130782,133.65,132.86101490735615,0.789,102.85,173.68857399108583,-70.8386,False
2023-12-14,21182.69921875,21300.0,7,0.019178082191780823,0.12819354120467472,0.128194,109.3,109.5990145497739,-0.299,126.15,200.36428369899917,-74.2143,False
2023-12-14,21182.69921875,21350.0,7,0.019178082191780823,0.12479527327575068,0.124795,86.8,85.67673830130356,1.1233,154.7,226.37971751601222,-71.6797,False
2023-12-14,21182.69921875,21400.0,7,0.019178082191780823,0.12136149639960218,0.121361,67.15,62.74002318954291,4.41,187.25,253.3807124697495,-66.1307,False
2023-12-14,21182.69921875,21450.0,7,0.019178082191780823,0.12021106431698932,0.120211,52.55,52.2197449020921,0.3303,219.45,292.7981442477851,-73.3481,False
2023-12-15,21456.650390625,21200.0,13,0.03561643835616438,0.1528089765883963,0.152809,427.65,426.54380087648315,1.1062,69.25,120.87072552779443,-51.6207,False
2023-12-15,21456.650390625,21250.0,13,0.03561643835616438,0.15322502258929752,0.153225,394.8,391.82083171429554,2.9792,79.3,136.03213682616897,-56.7321,False
2023-12-15,21456.650390625,21300.0,13,0.03561643835616438,0.1421923298021257,0.142192,346.15,345.3659796099097,0.784,91.1,139.46166518233775,-48.3617,False
2023-12-15,21456.650390625,21350.0,13,0.03561643835616438,0.1418791659621047,0.141879,314.8,314.75522004617017,0.0448,103.45,158.73528607915358,-55.2853,False
2023-12-15,21456.650390625,21400.0,13,0.03561643835616438,0.13593758166786943,0.135938,276.2,275.1619759077114,1.038,118.65,169.02642240125724,-50.3764,False
2023-12-15,21456.650390625,21450.0,13,0.03561643835616438,0.1321789160187621,0.132179,242.55,238.62140350652368,3.9286,133.35,182.37023046062393,-49.0202,True
2023-12-15,21456.650390625,21500.0,13,0.03561643835616438,0.12902622648801387,0.129026,211.6,209.97594038071117,1.6241,153.0,203.60914779537214,-50.6091,False
2023-12-15,21456.650390625,21550.0,13,0.03561643835616438,0.12697420587936273,0.126974,184.3,184.29831367584265,0.0017,175.1,227.8159015510601,-52.7159,False
2023-12-15,21456.650390625,21600.0,13,0.03561643835616438,0.12412824496636422,0.124128,157.7,157.4374346796294,0.2626,198.15,250.83940301540386,-52.6894,False
2023-12-15,21456.650390625,21650.0,13,0.03561643835616438,0.12051848211586026,0.120518,132.0,129.50062567376068,2.4994,221.55,272.7869744700855,-51.237,False
2023-12-15,21456.650390625,21700.0,13,0.03561643835616438,0.12027254766390719,0.120273,113.6,111.42289749414795,2.1771,251.8,304.59362675103563,-52.7936,False
2023-12-18,21418.650390625,21150.0,10,0.0273972602739726,0.14118842103255438,0.141188,387.9,387.1803138895932,0.7197,60.95,80.89905658391012,-19.9491,False
2023-12-18,21418.650390625,21200.0,10,0.0273972602739726,0.13612269560792392,0.136123,346.25,342.7342036734304,3.5158,70.8,86.36398450797479,-15.564,False
2023-12-18,21418.650390625,21250.0,10,0.0273972602739726,0.13915001593842563,0.13915,316.15,314.8218301050835,1.3282,83.4,108.36264907985966,-24.9626,False
2023-12-18,21418.650390625,21300.0,10,0.0273972602739726,0.13311198872899566,0.133112,276.15,276.1030648851806,0.0469,97.55,119.55492200019512,-22.0049,False
2023-12-18,21418.650390625,21350.0,10,0.0273972602739726,0.129574753354585,0.129575,241.05,240.27647594994275,0.7735,113.75,133.6393712051943,-19.8894,False
2023-12-18,21418.650390625,21400.0,10,0.0273972602739726,0.12769983173474211,0.1277,210.15,206.467235433225,3.6828,132.0,149.7411688287114,-17.7412,True
2023-12-18,21418.650390625,21450.0,10,0.0273972602739726,0.1263505958662036,0.126351,182.1,179.39447832339494,2.7055,152.35,172.57944985911257,-20.2294,False
2023-12-18,21418.650390625,21500.0,10,0.0273972602739726,0.12457102995174878,0.124571,155.65,155.41035222587277,0.2396,174.25,198.50636190182718,-24.2564,False
2023-12-18,21418.650390625,21550.0,10,0.0273972602739726,0.12359959886147538,0.1236,132.6,132.6468799448388,-0.0469,203.4,225.6539277610311,-22.2539,False
2023-12-18,21418.650390625,21600.0,10,0.0273972602739726,0.122023678833383,0.122024,111.0,109.12596717078351,1.874,231.55,252.04405312720363,-20.4941,False
2023-12-18,21418.650390625,21650.0,10,0.0273972602739726,0.12172396903217635,0.121724,93.35,90.16945713858533,3.1805,264.35,282.9985812352554,-18.6486,False
2023-12-19,21453.099609375,21200.0,9,0.024657534246575342,0.15352427088771498,0.153524,379.65,378.28188437288213,1.3681,48.85,91.2314072759085,-42.3814,False
2023-12-19,21453.099609375,21250.0,9,0.024657534246575342,0.1462679358454118,0.146268,336.5,333.20955457404034,3.2904,58.1,96.07900467584093,-37.979,False
2023-12-19,21453.099609375,21300.0,9,0.024657534246575342,0.14474308470612818,0.144743,301.5,300.78436811405163,0.7156,69.5,113.57374541461715,-44.0737,False
2023-12-19,21453.099609375,21350.0,9,0.024657534246575342,0.14149525747394895,0.141495,266.05,266.01471603382595,0.0353,83.3,128.7240205331651,-45.424,False
2023-12-19,21453.099609375,21400.0,9,0.024657534246575342,0.1370223138599681,0.137022,230.75,229.32824735025957,1.4218,98.9,141.95747904836935,-43.0575,False
2023-12-19,21453.099609375,21450.0,9,0.024657534246575342,0.13338660185985,0.133387,198.45,193.3661065376246,5.0839,116.8,155.91526543450146,-39.1153,True
2023-12-19,21453.099609375,21500.0,9,0.024657534246575342,0.12955779100705508,0.129558,168.0,166.23804768925982,1.762,136.9,178.7071337849077,-41.8071,False
2023-12-19,21453.099609375,21550.0,9,0.024657534246575342,0.126708501760482,0.126709,141.15,141.24532360218927,-0.0953,160.45,203.6343368966019,-43.1843,False
2023-12-19,21453.099609375,21600.0,9,0.024657534246575342,0.1250405119614103,0.125041,118.25,117.96539217697264,0.2846,187.3,230.27433267015317,-42.9743,False
2023-12-19,21453.099609375,21650.0,9,0.024657534246575342,0.12505757277492938,0.125058,99.85,96.9226434127416,2.9274,217.7,259.15151110469327,-41.4515,False
2023-12-19,21453.099609375,21700.0,9,0.024657534246575342,0.1240125599657088,0.124013,82.35,80.31637528798186,2.0336,248.85,292.46517017870076,-43.6152,False
2023-12-20,21150.150390625,20900.0,8,0.021917808219178082,0.16306843403482835,0.163068,372.35,371.0397953703841,1.3102,52.4,91.13526204389966,-38.7353,False
2023-12-20,21150.150390625,20950.0,8,0.021917808219178082,0.16052135079001975,0.160521,335.15,331.9850799759856,3.1649,62.1,102.00936448992957,-39.9094,False
2023-12-20,21150.150390625,21000.0,8,0.021917808219178082,0.1580180092491836,0.158018,299.55,298.88581174452884,0.6642,72.5,118.8389140988966,-46.3389,False
2023-12-20,21150.150390625,21050.0,8,0.021917808219178082,0.14534462077798802,0.145345,253.45,253.41533454314404,0.0347,86.95,123.29725473794215,-36.3473,False
2023-12-20,21150.150390625,21100.0,8,0.021917808219178082,0.14100544509750043,0.141005,218.8,217.24038214596436,1.5596,103.7,137.05112018119345,-33.3511,False
2023-12-20,21150.150390625,21150.0,8,0.021917808219178082,0.13847191015366625,0.138472,188.4,182.9822213706877,5.4178,120.8,152.72177724633858,-31.9218,True
2023-12-20,21150.150390625,21200.0,8,0.021917808219178082,0.1380744181387418,0.138074,162.9,161.3804038479803,1.5196,140.25,181.04877756405835,-40.7988,False
2023-12-20,21150.150390625,21250.0,8,0.021917808219178082,0.13614140802657732,0.136141,137.8,137.94131545511758,-0.1413,159.05,207.53850701162935,-48.4885,False
2023-12-20,21150.150390625,21300.0,8,0.021917808219178082,0.1340220832623664,0.134022,114.85,114.39712454510189,0.4529,188.8,233.92313394203094,-45.1231,False
2023-12-20,21150.150390625,21350.0,8,0.021917808219178082,0.13560217292973684,0.135602,98.6,95.30850528284822,3.2915,215.25,264.76333252021266,-49.5133,False
2023-12-20,21150.150390625,21400.0,8,0.021917808219178082,0.13068356250890967,0.130684,77.2,75.63712460206389,1.5629,249.45,295.0207696798567,-45.5708,False
2023-12-21,21255.05078125,21000.0,7,0.019178082191780823,0.18962105640769306,0.189621,389.65,388.5581019090517,1.0919,40.0,107.34554816532105,-67.3455,False
2023-12-21,21255.05078125,21050.0,7,0.019178082191780823,0.1825602263708599,0.18256,348.5,345.19618305382596,3.3038,46.6,113.92133937559524,-67.3213,False
2023-12-21,21255.05078125,21100.0,7,0.019178082191780823,0.17436878046004717,0.174369,307.25,306.46213740834924,0.7879,58.6,125.12500379560561,-66.525,False
2023-12-21,21255.05078125,21150.0,7,0.019178082191780823,0.16887566050423983,0.168876,270.3,270.29893182801857,0.0011,69.45,138.8995082807654,-69.4495,False
2023-12-21,21255.05078125,21200.0,7,0.019178082191780823,0.16237112517310523,0.162371,233.8,232.59304872086085,1.207,82.8,151.13133523910008,-68.3313,False
2023-12-21,21255.05078125,21250.0,7,0.019178082191780823,0.15664632546745713,0.156646,200.0,195.34162687893618,4.6584,100.5,163.81762346267251,-63.3176,True
2023-12-21,21255.05078125,21300.0,7,0.019178082191780823,0.15148021874696255,0.15148,168.9,167.12684464695462,1.7732,117.85,185.54055129617421,-67.6906,False
2023-12-21,21255.05078125,21350.0,7,0.019178082191780823,0.14616918964534145,0.146169,139.9,139.96786852864756,-0.0679,138.2,208.3192852433591,-70.1193,False
2023-12-21,21255.05078125,21400.0,7,0.019178082191780823,0.14272404388178198,0.142724,115.5,115.22782965402283,0.2722,163.85,233.51695643422633,-69.667,False
2023-12-21,21255.05078125,21450.0,7,0.019178082191780823,0.13843763161272984,0.138438,92.7,89.79361605187866,2.9064,191.05,258.020452897574,-66.9705,False
2023-12-21,21255.05078125,21500.0,7,0.019178082191780823,0.13411081791108634,0.134111,72.55,70.545846165128,2.0042,221.35,288.71039307631156,-67.3604,False
2023-12-22,21349.400390625,21100.0,13,0.03561643835616438,0.17323890227362126,0.173239,450.8,449.590389569212,1.2096,86.6,151.39855329942193,-64.7986,False
2023-12-22,21349.400390625,21150.0,13,0.03561643835616438,0.17008687077947404,0.170087,413.8,411.4127537281409,2.3872,97.2,163.10529791889917,-65.9053,False
2023-12-22,21349.400390625,21200.0,13,0.03561643835616438,0.16874519106372754,0.168745,380.7,380.1809855666739,0.519,109.5,181.75791021798838,-72.2579,False
2023-12-22,21349.400390625,21250.0,13,0.03561643835616438,0.1638665511933478,0.163867,343.4,343.34620744171315,0.0538,123.3,194.80751255358393,-71.5075,False
2023-12-22,21349.400390625,21300.0,13,0.03561643835616438,0.16178703890997723,0.161787,311.75,310.67634874141845,1.0737,138.5,212.02203431385212,-73.522,False
2023-12-22,21349.400390625,21350.0,13,0.03561643835616438,0.1576884814564433,0.157688,278.3,274.67522488323056,3.6248,155.05,225.9052909162203,-70.8553,True
2023-12-22,21349.400390625,21400.0,13,0.03561643835616438,0.15367097358153678,0.153671,246.45,245.41241615698507,1.0376,174.25,246.5268626505325,-72.2769,False
2023-12-22,21349.400390625,21450.0,13,0.03561643835616438,0.14972206310722602,0.149722,216.3,216.3502924419192,-0.0503,195.9,267.3491193960265,-71.4491,False
2023-12-22,21349.400390625,21500.0,13,0.03561643835616438,0.147909126727016,0.147909,191.25,190.78228835812774,0.4677,218.2,291.6654957727833,-73.4655,False
2023-12-22,21349.400390625,21550.0,13,0.03561643835616438,0.14516409726674318,0.145164,166.45,163.79374554019222,2.6563,242.55,314.56133341541056,-72.0113,False
2023-12-22,21349.400390625,21600.0,13,0.03561643835616438,0.14228377267340553,0.142284,143.25,141.74182440950798,1.5082,269.1,342.3937927452821,-73.2938,False
2023-12-26,21441.349609375,21200.0,9,0.024657534246575342,0.2011555930246616,0.201156,428.25,426.64389179491496,1.6061,76.6,151.34341469794924,-74.7434,False
2023-12-26,21441.349609375,21250.0,9,0.024657534246575342,0.19655956954964107,0.19656,390.55,388.5271258508671,2.0229,88.25,163.14657595267113,-74.8966,False
2023-12-26,21441.349609375,21300.0,9,0.024657534246575342,0.18960378690362,0.189604,350.95,350.6129229560477,0.3371,98.5,175.15230025661313,-76.6523,False
2023-12-26,21441.349609375,21350.0,9,0.024657534246575342,0.18239381044244304,0.182394,312.15,312.03697126190616,0.113,113.1,186.49627576124186,-73.3963,False
2023-12-26,21441.349609375,21400.0,9,0.024657534246575342,0.17911079144889316,0.179111,279.85,278.3411819936733,1.5088,130.05,202.72041369178237,-72.6704,False
2023-12-26,21441.349609375,21450.0,9,0.024657534246575342,0.1761679019333824,0.176168,249.55,246.19127213055185,3.3587,146.4,220.49043102742394,-74.0904,True
2023-12-26,21441.349609375,21500.0,9,0.024657534246575342,0.1687643870102793,0.168764,214.9,214.0595179435649,0.8405,166.4,238.27860403921215,-71.8786,False
2023-12-26,21441.349609375,21550.0,9,0.024657534246575342,0.16619923456705477,0.166199,188.5,188.59619219067255,-0.0962,185.1,262.7352054850811,-77.6352,False
2023-12-26,21441.349609375,21600.0,9,0.024657534246575342,0.1599588856695772,0.159959,159.1,158.38559645076816,0.7144,209.7,282.4445369439485,-72.7445,False
2023-12-26,21441.349609375,21650.0,9,0.024657534246575342,0.16011435690691045,0.160114,140.0,136.68479256262873,3.3152,237.6,310.66366025458206,-73.0637,False
2023-12-26,21441.349609375,21700.0,9,0.024657534246575342,0.15365778869840732,0.153658,114.45,113.21760911929269,1.2324,264.65,337.1164040100169,-72.4664,False
2023-12-27,21654.75,21400.0,8,0.021917808219178082,0.19889920466248287,0.198899,420.5,419.26257406078685,1.2374,62.8,134.04660976357445,-71.2466,False
2023-12-27,21654.75,21450.0,8,0.021917808219178082,0.19235387187591288,0.192354,380.1,377.2826690555664,2.8173,73.45,141.9955225987823,-68.5455,False
2023-12-27,21654.75,21500.0,8,0.021917808219178082,0.18971391717374197,0.189714,345.5,344.8564175479173,0.6436,84.15,159.49808893156137,-75.3481,False
2023-12-27,21654.75,21550.0,8,0.021917808219178082,0.18122276682763694,0.181223,305.05,305.03155045745984,0.0184,98.3,169.60203968153183,-71.302,False
2023-12-27,21654.75,21600.0,8,0.021917808219178082,0.17751891951725782,0.177519,271.9,270.82000978959,1.08,111.8,185.3193168540875,-73.5193,False
2023-12-27,21654.75,21650.0,8,0.021917808219178082,0.17330114857571133,0.173301,239.7,235.72021627508926,3.9798,127.85,200.14834118001176,-72.2983,True
2023-12-27,21654.75,21700.0,8,0.021917808219178082,0.16758463006227048,0.167585,207.3,205.7758139414029,1.5242,145.75,220.132756686755,-74.3828,False
2023-12-27,21654.75,21750.0,8,0.021917808219178082,0.16330887066006805,0.163309,178.6,178.61283647183254,-0.0128,165.9,242.89859705760978,-76.9986,False
2023-12-27,21654.75,21800.0,8,0.021917808219178082,0.15987856243228138,0.159879,152.95,152.67229058584172,0.2777,190.1,266.8868690120496,-76.7869,False
2023-12-27,21654.75,21850.0,8,0.021917808219178082,0.15660756235369835,0.156608,129.55,127.06978809805561,2.4802,215.35,291.2131843646803,-75.8632,False
2023-12-27,21654.75,21900.0,8,0.021917808219178082,0.15336980515992174,0.15337,108.3,106.07591236114624,2.2241,244.0,320.14812646820394,-76.1481,False
2023-12-28,21778.69921875,21550.0,7,0.019178082191780823,0.16686619789579354,0.166866,352.85,349.78625239298174,3.0637,59.8,94.24007186966325,-34.4401,False
2023-12-28,21778.69921875,21600.0,7,0.019178082191780823,0.1630153984951376,0.163015,315.0,313.30455334682216,1.6954,71.0,107.69608288898714,-36.6961,False
2023-12-28,21778.69921875,21650.0,7,0.019178082191780823,0.16195553593534934,0.161956,281.85,281.7561327208775,0.0939,85.05,126.08537232853313,-41.0354,False
2023-12-28,21778.69921875,21700.0,7,0.019178082191780823,0.1565210378735323,0.156521,245.45,244.98746685364767,0.4625,100.45,139.25441652679913,-38.8044,False
2023-12-28,21778.69921875,21750.0,7,0.019178082191780823,0.15451175631150443,0.154512,214.9,211.9529752627351,2.947,118.5,156.15763500137817,-37.6576,False
2023-12-28,21778.69921875,21800.0,7,0.019178082191780823,0.15025003003231285,0.15025,183.7,180.12806305460106,3.5719,138.7,174.27043285873944,-35.5704,True
2023-12-28,21778.69921875,21850.0,7,0.019178082191780823,0.14755770102084884,0.147558,156.55,155.92442248948777,0.6256,162.6,200.00450235911478,-37.4045,False
2023-12-28,21778.69921875,21900.0,7,0.019178082191780823,0.14522147819439568,0.145221,132.1,132.28994206389544,-0.1899,187.3,226.3077319990137,-39.0077,False
2023-12-28,21778.69921875,21950.0,7,0.019178082191780823,0.14412578401793916,0.144126,111.4,110.21490370641163,1.1851,214.1,254.17040370702347,-40.0704,False
2023-12-28,21778.69921875,22000.0,7,0.019178082191780823,0.14125721133138666,0.141257,91.0,86.48604876485012,4.514,246.05,280.3792588309484,-34.3293,False
2023-12-28,21778.69921875,22050.0,7,0.019178082191780823,0.1402811575963429,0.140281,74.95,74.18296958447837,0.767,284.35,318.0138897160722,-33.6639,False
2023-12-29,21731.400390625,21500.0,13,0.03561643835616438,0.1550917819039739,0.155092,417.2,414.79961487106766,2.4004,101.55,133.6828222857256,-32.1328,False
2023-12-29,21731.400390625,21550.0,13,0.03561643835616438,0.15789300572242088,0.157893,388.95,387.4088430789961,1.5412,114.75,156.17643095420817,-41.4264,False
2023-12-29,21731.400390625,21600.0,13,0.03561643835616438,0.1577151490798581,0.157715,357.75,357.5815798444662,0.1684,126.75,176.23354818023952,-49.4835,False
2023-12-29,21731.400390625,21650.0,13,0.03561643835616438,0.15654795066761062,0.156548,326.45,326.1604205716106,0.2896,144.7,194.69676936794417,-49.9968,False
2023-12-29,21731.400390625,21700.0,13,0.03561643835616438,0.1495972670124714,0.149597,287.25,285.21355961793773,2.0364,163.3,203.63428887482678,-40.3343,False
2023-12-29,21731.400390625,21750.0,13,0.03561643835616438,0.148555316690345,0.148555,259.05,256.3148467841581,2.7352,183.0,224.6199565016019,-41.62,True
2023-12-29,21731.400390625,21800.0,13,0.03561643835616438,0.14603932341935566,0.146039,230.05,229.51835804399047,0.5316,202.8,247.70784822199136,-44.9078,False
2023-12-29,21731.400390625,21850.0,13,0.03561643835616438,0.14415896714332704,0.144159,203.75,203.82248273964808,-0.0725,228.0,271.8963533782056,-43.8964,False
2023-12-29,21731.400390625,21900.0,13,0.03561643835616438,0.14329752695545514,0.143298,180.8,179.821246816039,0.9788,252.3,297.77949791515357,-45.4795,False
2023-12-29,21731.400390625,21950.0,13,0.03561643835616438,0.14054140239984883,0.140541,156.55,152.8170015351019,3.733,278.65,320.65963309477905,-42.0096,False
2023-12-29,21731.400390625,22000.0,13,0.03561643835616438,0.13981580432034185,0.139816,137.25,136.34564021313656,0.9044,314.7,354.0726522333772,-39.3727,False
2024-01-01,21741.900390625,21500.0,10,0.0273972602739726,0.18032915106266817,0.180329,421.2,419.3611862128961,1.8388,80.7,139.20719588884396,-58.5072,False
2024-01-01,21741.900390625,21550.0,10,0.0273972602739726,0.17595930096031637,0.175959,383.0,380.9542438233422,2.0458,92.5,150.71129163952767,-58.2113,False
2024-01-01,21741.900390625,21600.0,10,0.0273972602739726,0.15064732531317523,0.150647,317.45,317.09755669601657,0.3524,106.15,136.76564265244036,-30.6156,False
2024-01-01,21741.900390625,21650.0,10,0.0273972602739726,0.15328181436982544,0.153282,290.75,290.59686534280826,0.1531,123.45,160.17598943946348,-36.726,False
2024-01-01,21741.900390625,21700.0,10,0.0273972602739726,0.15303433159186938,0.153034,261.9,260.17258344369367,1.7274,140.35,179.66274568058955,-39.3127,False
2024-01-01,21741.900390625,21750.0,10,0.0273972602739726,0.15056402644146144,0.150564,231.65,227.7875892942912,3.8624,157.75,197.18878967141694,-39.4388,True
2024-01-01,21741.900390625,21800.0,10,0.0273972602739726,0.15419735053959366,0.154197,211.95,211.01021047290124,0.9398,176.1,230.32244899026955,-54.2224,False
2024-01-01,21741.900390625,21850.0,10,0.0273972602739726,0.15000371403466556,0.150004,182.85,182.95742499965672,-0.1074,190.95,252.1807016572588,-61.2307,False
2024-01-01,21741.900390625,21900.0,10,0.0273972602739726,0.14955166402688974,0.149552,160.95,160.31567222878775,0.6343,215.65,279.4499870266199,-63.8,False
2024-01-01,21741.900390625,21950.0,10,0.0273972602739726,0.14861810364005423,0.148618,140.2,137.02186530142447,3.1781,237.8,306.06721823949584,-68.2672,False
2024-01-01,21741.900390625,22000.0,10,0.0273972602739726,0.14668970861671027,0.14669,119.95,118.48702038396252,1.463,268.5,337.4434114622619,-68.9434,False
2024-01-02,21665.80078125,21400.0,9,0.024657534246575342,0.1340232880972241,0.134023,368.95,367.9742687439591,0.9757,77.05,67.90232856706439,9.1477,False
2024-01-02,21665.80078125,21450.0,9,0.024657534246575342,0.13360838181781368,0.133608,332.3,328.15470932360176,4.1453,87.95,78.00269634548077,9.9473,False
2024-01-02,21665.80078125,21500.0,9,0.024657534246575342,0.13677985430319425,0.13678,301.9,300.73065083364617,1.1693,103.05,100.49856505429439,2.5514,False
2024-01-02,21665.80078125,21550.0,9,0.024657534246575342,0.13304409177212878,0.133044,265.0,264.98802424009364,0.012,118.75,114.67586565950964,4.0741,False
2024-01-02,21665.80078125,21600.0,9,0.024657534246575342,0.1305584986240851,0.130558,231.5,230.53615730865727,0.9638,136.9,130.14392592683924,6.7561,False
2024-01-02,21665.80078125,21650.0,9,0.024657534246575342,0.1306912977631946,0.130691,203.55,199.4437144607762,4.1063,156.7,148.97141027772525,7.7286,True
2024-01-02,21665.80078125,21700.0,9,0.024657534246575342,0.12892170083650722,0.128922,175.25,172.5919789504059,2.658,180.25,172.0396019661259,8.2104,False
2024-01-02,21665.80078125,21750.0,9,0.024657534246575342,0.12836814588116707,0.128368,150.85,150.65672253082218,0.1933,203.1,200.0242727453114,3.0757,False
2024-01-02,21665.80078125,21800.0,9,0.024657534246575342,0.12753601052371116,0.127536,128.35,128.38870525262547,-0.0387,230.3,227.67618266588562,2.6238,False
2024-01-02,21665.80078125,21850.0,9,0.024657534246575342,0.12551872104297024,0.125519,106.6,104.64927975527797,1.9507,256.9,253.85668436730666,3.0433,False
2024-01-02,21665.80078125,21900.0,9,0.024657534246575342,0.12511919833372587,0.125119,89.2,85.9668202502524,3.2332,291.7,285.0941520610537,6.6058,False
2024-01-03,21517.349609375,21250.0,8,0.021917808219178082,0.12448753477685932,0.124488,348.75,347.9722835022987,0.7777,61.35,50.37025630881112,10.9797,False
2024-01-03,21517.349609375,21300.0,8,0.021917808219178082,0.11851779807084836,0.118518,305.05,300.86061488209674,4.1894,73.6,53.187405529033065,20.4126,False
2024-01-03,21517.349609375,21350.0,8,0.021917808219178082,0.11821284670742407,0.118213,268.75,267.43517122519495,1.3148,86.7,69.69077971255503,17.0092,False
2024-01-03,21517.349609375,21400.0,8,0.021917808219178082,0.11694293874755592,0.116943,233.6,233.63814331384572,-0.0381,103.3,85.82256964163658,17.4774,False
2024-01-03,21517.349609375,21450.0,8,0.021917808219178082,0.1167926474728395,0.116793,202.15,201.04793684908594,1.1021,121.8,103.16118101730335,18.6388,False
2024-01-03,21517.349609375,21500.0,8,0.021917808219178082,0.11697421512644038,0.116974,173.7,168.8700571823227,4.8299,142.1,120.91211919096676,21.1879,True
2024-01-03,21517.349609375,21550.0,8,0.021917808219178082,0.11840684861746326,0.118407,149.5,146.24812479377508,3.2519,164.0,148.21900464284317,15.781,False
2024-01-03,21517.349609375,21600.0,8,0.021917808219178082,0.11735267559797731,0.117353,124.8,124.56430752628981,0.2357,190.55,176.46400521579,14.086,False
2024-01-03,21517.349609375,21650.0,8,0.021917808219178082,0.11697694266805528,0.116977,103.6,103.79958615629317,-0.1996,218.0,205.628101686214,12.3719,False
2024-01-03,21517.349609375,21700.0,8,0.021917808219178082,0.115764041705376,0.115764,84.0,82.09184426949653,1.9082,249.3,233.84917763985177,15.4508,False
2024-01-03,21517.349609375,21750.0,8,0.021917808219178082,0.1149562851172242,0.114956,67.45,64.14790941851467,3.3021,285.45,265.8340606292905,19.6159,False
2024-01-04,21658.599609375,21400.0,7,0.019178082191780823,0.13124803127713947,0.131248,338.4,337.10150150373204,1.2985,31.5,51.84180015894309,-20.3418,False
2024-01-04,21658.599609375,21450.0,7,0.019178082191780823,0.13089844840535483,0.130898,300.9,296.8466640762092,4.0533,39.7,61.52467279689981,-21.8247,False
2024-01-04,21658.599609375,21500.0,7,0.019178082191780823,0.12393798755121054,0.123938,258.5,257.65794530845585,0.8421,50.1,72.2736640946354,-22.1737,False
2024-01-04,21658.599609375,21550.0,7,0.019178082191780823,0.12117671510523159,0.121177,222.25,222.29744161653105,-0.0474,62.55,86.85087046820748,-24.3009,False
2024-01-04,21658.599609375,21600.0,7,0.019178082191780823,0.11806051280150592,0.118061,187.85,186.13510040880084,1.7149,80.45,100.62623932597137,-20.1762,False
2024-01-04,21658.599609375,21650.0,7,0.019178082191780823,0.11566438802395818,0.115664,156.8,150.4084517725625,6.3915,100.95,114.83730075522179,-13.8873,True
2024-01-04,21658.599609375,21700.0,7,0.019178082191780823,0.1144252777521845,0.114425,129.9,126.9701799817792,2.9298,122.65,141.33673902993178,-18.6867,False
2024-01-04,21658.599609375,21750.0,7,0.019178082191780823,0.11263139849924961,0.112631,105.25,105.30027401829949,-0.0503,147.15,169.60454313194424,-22.4545,False
2024-01-04,21658.599609375,21800.0,7,0.019178082191780823,0.11053837468989632,0.110538,83.25,83.51171056269425,-0.2617,176.0,197.75368974182499,-21.7537,False
2024-01-04,21658.599609375,21850.0,7,0.019178082191780823,0.1089235856715141,0.108924,64.8,62.49024164851402,2.3098,202.8,226.66993089313902,-23.8699,False
2024-01-04,21658.599609375,21900.0,7,0.019178082191780823,0.10734775384637225,0.107348,49.3,46.78850720124464,2.5115,242.0,260.90590651136597,-18.9059,False
2024-01-05,21710.80078125,21450.0,13,0.03561643835616438,0.10805367402636705,0.108054,372.55,371.2383960738271,1.3116,66.35,60.836832402925054,5.5132,False
2024-01-05,21710.80078125,21500.0,13,0.03561643835616438,0.11049090190022014,0.110491,339.05,335.1134885007662,3.9365,77.4,74.59630529042767,2.8037,False
2024-01-05,21710.80078125,21550.0,13,0.03561643835616438,0.11084216441724232,0.110842,304.85,303.84487387629855,1.0051,92.05,93.21207112652115,-1.1621,False
2024-01-05,21710.80078125,21600.0,13,0.03561643835616438,0.10710228484375835,0.107102,266.45,266.3764836586996,0.0735,106.55,105.62806136947108,0.9219,False
2024-01-05,21710.80078125,21650.0,13,0.03561643835616438,0.10819614644366557,0.108196,237.35,236.10381267714536,1.2462,125.3,125.2397708484794,0.0602,False
2024-01-05,21710.80078125,21700.0,13,0.03561643835616438,0.10765897911907306,0.107659,207.9,203.2684582790626,4.6315,145.05,142.28879691095221,2.7612,True
2024-01-05,21710.80078125,21750.0,13,0.03561643835616438,0.10497494571863512,0.104975,177.15,174.75827566565576,2.3917,165.85,163.66299475810527,2.187,False
2024-01-05,21710.80078125,21800.0,13,0.03561643835616438,0.10577617330379883,0.105776,154.35,154.27357774306336,0.0764,186.75,193.0626772960656,-6.3127,False
2024-01-05,21710.80078125,21850.0,13,0.03561643835616438,0.10405249205092251,0.104052,129.75,129.70722177769753,0.0428,215.25,218.38070179126115,-3.1307,False
2024-01-05,21710.80078125,21900.0,13,0.03561643835616438,0.1026239875414693,0.102624,108.0,105.719525986932,2.2805,243.75,244.27738646105334,-0.5274,False
2024-01-05,21710.80078125,21950.0,13,0.03561643835616438,0.10295863458270518,0.102959,91.25,88.36759072873849,2.8824,275.25,276.8098316634141,-1.5598,False
2024-01-08,21513.0,21250.0,10,0.0273972602739726,0.12570501279032498,0.125705,366.85,365.8216876458293,1.0283,69.3,65.0128972456105,4.2871,False
2024-01-08,21513.0,21300.0,10,0.0273972602739726,0.1267669405124524,0.126767,331.75,327.53158116250637,4.2184,80.0,76.63382890251582,3.3662,False
2024-01-08,21513.0,21350.0,10,0.0273972602739726,0.12714100892359542,0.127141,297.85,296.7401774009662,1.1098,95.6,95.75346328122134,-0.1535,False
2024-01-08,21513.0,21400.0,10,0.0273972602739726,0.12638488404686823,0.126385,264.5,264.47827893272733,0.0217,112.95,113.4026029532183,-0.4526,False
2024-01-08,21513.0,21450.0,10,0.0273972602739726,0.12455755101745745,0.124558,231.7,230.64214250793094,1.0579,130.35,129.47750466864747,0.8725,False
2024-01-08,21513.0,21500.0,10,0.0273972602739726,0.12467259679399198,0.124673,203.7,199.4135791111557,4.2864,149.4,148.15997941210827,1.24,True
2024-01-08,21513.0,21550.0,10,0.0273972602739726,0.12388384915450697,0.123884,176.65,174.25919637146163,2.3908,170.85,172.91663481264874,-2.0666,False
2024-01-08,21513.0,21600.0,10,0.0273972602739726,0.12309705007794396,0.123097,151.85,151.7444132129247,0.1056,195.95,200.31288979434902,-4.3629,False
2024-01-08,21513.0,21650.0,10,0.0273972602739726,0.12269300159712976,0.122693,129.85,129.80663712095605,0.0434,224.05,228.2861518426163,-4.2362,False
2024-01-08,21513.0,21700.0,10,0.0273972602739726,0.12286271785702234,0.122863,110.85,108.6696544171644,2.1803,250.4,257.0602072790558,-6.6602,False
2024-01-08,21513.0,21750.0,10,0.0273972602739726,0.12163114397068,0.121631,92.15,89.32976405596906,2.8202,288.85,287.63135505810044,1.2186,False
2024-01-09,21544.849609375,21300.0,9,0.024657534246575342,0.12552142817979303,0.125521,343.3,341.26437406013684,2.0356,65.95,62.303751360704936,3.6462,False
2024-01-09,21544.849609375,21350.0,9,0.024657534246575342,0.13104195071328364,0.131042,313.65,310.7756010485134,2.8744,77.75,81.7349055478479,-3.9849,False
2024-01-09,21544.849609375,21400.0,9,0.024657534246575342,0.1258249518772286,0.125825,273.55,273.091944332874,0.4581,91.55,93.9711760309828,-2.4212,False
2024-01-09,21544.849609375,21450.0,9,0.024657534246575342,0.12598359051371955,0.125984,241.9,241.75521385784512,0.1448,107.2,112.55437275471871,-5.3544,False
2024-01-09,21544.849609375,21500.0,9,0.024657534246575342,0.12224289611792226,0.122243,207.35,205.19130430554327,2.1587,125.4,125.91039040118845,-0.5104,False
2024-01-09,21544.849609375,21550.0,9,0.024657534246575342,0.12248872740715076,0.122489,180.3,174.8896521506129,5.4103,146.25,145.52866544502496,0.7213,True
2024-01-09,21544.849609375,21600.0,9,0.024657534246575342,0.12117637101515506,0.121176,153.55,152.1230629705783,1.4269,169.75,172.68200346376398,-2.932,False
2024-01-09,21544.849609375,21650.0,9,0.024657534246575342,0.11942609493836312,0.119426,128.65,128.87079040422648,-0.2208,194.7,199.3496580961721,-4.6497,False
2024-01-09,21544.849609375,21700.0,9,0.024657534246575342,0.1189479766642224,0.118948,107.9,107.3877802091045,0.5122,224.1,227.78657509982816,-3.6866,False
2024-01-09,21544.849609375,21750.0,9,0.024657534246575342,0.11767462113701435,0.117675,88.55,84.94907389680652,3.6009,256.85,255.2677959862917,1.5822,False
2024-01-09,21544.849609375,21800.0,9,0.024657534246575342,0.11664493549826796,0.116645,71.9,70.3825140046686,1.5175,284.85,290.62116329292235,-5.7712,False
2024-01-10,21618.69921875,21350.0,8,0.021917808219178082,0.14595484196517772,0.145955,371.8,370.99557723941257,0.8044,42.6,71.90157635177299,-29.3016,False
2024-01-10,21618.69921875,21400.0,8,0.021917808219178082,0.14018285829995425,0.140183,329.6,325.7118528342805,3.8881,51.85,76.54666978705961,-24.6967,False
2024-01-10,21618.69921875,21450.0,8,0.021917808219178082,0.13968508993331907,0.139685,294.65,293.326528148923,1.3235,63.35,94.09016294214109,-30.7402,False
2024-01-10,21618.69921875,21500.0,8,0.021917808219178082,0.136622833616049,0.136623,258.6,258.594137250762,0.0059,77.4,109.28658988440726,-31.8866,False
2024-01-10,21618.69921875,21550.0,8,0.021917808219178082,0.13353726248351927,0.133537,224.4,223.52877635371632,0.8712,93.5,124.1500468277861,-30.65,False
2024-01-10,21618.69921875,21600.0,8,0.021917808219178082,0.130912344653247,0.130912,192.85,188.7357646406665,4.1142,111.4,139.28585295516024,-27.8859,True
2024-01-10,21618.69921875,21650.0,8,0.021917808219178082,0.1293736010041216,0.129374,164.95,161.9000518367571,3.0499,132.75,162.37895799167995,-29.629,False
2024-01-10,21618.69921875,21700.0,8,0.021917808219178082,0.1266563247535063,0.126656,137.95,137.6652182469715,0.2848,157.05,188.0729422423223,-31.0229,False
2024-01-10,21618.69921875,21750.0,8,0.021917808219178082,0.1257761424049599,0.125776,115.75,115.89437578946111,-0.1444,181.15,216.2309176252417,-35.0809,False
2024-01-10,21618.69921875,21800.0,8,0.021917808219178082,0.12364722621829353,0.123647,94.5,92.70040307315762,1.7996,212.2,242.9657627493676,-30.7658,False
2024-01-10,21618.69921875,21850.0,8,0.021917808219178082,0.12151607699180088,0.121516,75.8,72.277235826793,3.5228,241.05,272.47141334342086,-31.4214,False
2024-01-11,21647.19921875,21400.0,7,0.019178082191780823,0.1034456225870333,0.103446,305.45,303.6340563453641,1.8159,49.75,29.774745625564524,19.9753,False
2024-01-11,21647.19921875,21450.0,7,0.019178082191780823,0.10415167880067194,0.104152,266.75,263.67422400145324,3.0758,60.95,39.752623347143846,21.1974,False
2024-01-11,21647.19921875,21500.0,7,0.019178082191780823,0.10569335911325664,0.105693,231.55,231.29925302645754,0.2507,75.6,57.31536243764033,18.2846,False
2024-01-11,21647.19921875,21550.0,7,0.019178082191780823,0.10550676500386316,0.105507,197.45,197.32245250984676,0.1275,92.5,73.27627198652397,19.2237,False
2024-01-11,21647.19921875,21600.0,7,0.019178082191780823,0.10583222297464827,0.105832,166.85,163.92392732328858,2.9261,111.45,89.81545686545996,21.6345,False
2024-01-11,21647.19921875,21650.0,7,0.019178082191780823,0.1065862387024171,0.106586,139.85,131.96356850836005,7.8864,133.85,107.79280811601964,26.0572,True
2024-01-11,21647.19921875,21700.0,7,0.019178082191780823,0.10618595393573735,0.106186,114.6,112.39629365800026,2.2037,159.4,138.16324333115315,21.2368,False
2024-01-11,21647.19921875,21750.0,7,0.019178082191780823,0.10650335814004275,0.106503,93.3,93.70969545833654,-0.4097,187.65,169.41435519698,18.2356,False
2024-01-11,21647.19921875,21800.0,7,0.019178082191780823,0.10634143859598288,0.106341,74.45,74.46077397874596,-0.0108,218.8,200.10314378287842,18.6969,False
2024-01-11,21647.19921875,21850.0,7,0.019178082191780823,0.10639208940037939,0.106392,58.7,55.450158235152536,3.2498,252.65,231.03023810477853,21.6198,False
2024-01-11,21647.19921875,21900.0,7,0.019178082191780823,0.10597430221831618,0.105974,45.15,43.676026861355716,1.474,289.7,269.19381679646597,20.5062,False
2024-01-12,21894.55078125,21650.0,13,0.03561643835616438,0.1327274242329798,0.132727,395.65,393.5751434496731,2.0749,95.35,98.96110162100948,-3.6111,False
2024-01-12,21894.55078125,21700.0,13,0.03561643835616438,0.1313272733334766,0.131327,359.4,356.99075801773336,2.4092,108.9,112.26109664961997,-3.3611,False
2024-01-12,21894.55078125,21750.0,13,0.03561643835616438,0.13015275708516155,0.130153,325.0,324.58159598725,0.4184,123.55,129.7363150796953,-6.1863,False
2024-01-12,21894.55078125,21800.0,13,0.03561643835616438,0.12655963060369804,0.12656,288.4,288.2290159072148,0.171,140.1,143.26811546021756,-3.1681,False
2024-01-12,21894.55078125,21850.0,13,0.03561643835616438,0.12575517954583393,0.125755,257.85,256.07549208417487,1.7745,161.2,160.9989720977336,0.201,False
2024-01-12,21894.55078125,21900.0,13,0.03561643835616438,0.12547442400725276,0.125474,230.0,225.6582323169994,4.3418,180.15,180.46609279111613,-0.3161,True
2024-01-12,21894.55078125,21950.0,13,0.03561643835616438,0.12279557816094425,0.122796,200.1,198.9101496669931,1.1899,200.2,203.60239060166674,-3.4024,False
2024-01-12,21894.55078125,22000.0,13,0.03561643835616438,0.12124259924043757,0.121243,174.0,174.1150463716035,-0.115,225.9,228.6916677668391,-2.7917,False
2024-01-12,21894.55078125,22050.0,13,0.03561643835616438,0.11918797016065347,0.119188,149.1,148.57705361701494,0.5229,252.2,253.03805547280734,-0.8381,False
2024-01-12,21894.55078125,22100.0,13,0.03561643835616438,0.11948879137675376,0.119489,130.0,126.88365165804113,3.1163,281.15,281.22903397439086,-0.079,False
2024-01-12,21894.55078125,22150.0,13,0.03561643835616438,0.11928642356787524,0.119286,112.0,110.22966177915362,1.7703,307.15,314.45942455605643,-7.3094,False
2024-01-15,22097.44921875,21850.0,10,0.0273972602739726,0.1449132250707894,0.144913,383.55,381.448017382564,2.102,97.4,95.12246591515758,2.2775,False
2024-01-15,22097.44921875,21900.0,10,0.0273972602739726,0.1423005649000834,0.142301,345.9,343.3256894576752,2.5743,109.8,106.91117613051581,2.8888,False
2024-01-15,22097.44921875,21950.0,10,0.0273972602739726,0.13931874532946992,0.139319,309.2,308.755119854783,0.4449,124.05,122.25164466785169,1.7984,False
2024-01-15,22097.44921875,22000.0,10,0.0273972602739726,0.13808169820121902,0.138082,276.5,276.3742315193986,0.1258,140.7,139.78179447270676,0.9182,False
2024-01-15,22097.44921875,22050.0,10,0.0273972602739726,0.1364494057529232,0.136449,245.05,243.30615596052598,1.7438,159.35,156.62475705406587,2.7252,False
2024-01-15,22097.44921875,22100.0,10,0.0273972602739726,0.13462068616842848,0.134621,215.2,210.25968205967686,4.9403,178.9,173.4893212934519,5.4107,True
2024-01-15,22097.44921875,22150.0,10,0.0273972602739726,0.13394327145755694,0.133943,189.0,187.57499213234428,1.425,202.0,200.71566950634679,1.2843,False
2024-01-15,22097.44921875,22200.0,10,0.0273972602739726,0.13197016785799107,0.13197,162.95,163.049699041607,-0.0997,226.65,226.10141455584824,0.5486,False
2024-01-15,22097.44921875,22250.0,10,0.0273972602739726,0.13140135504954453,0.131401,141.0,140.61837211146366,0.3816,255.9,253.58112576594579,2.3189,False
2024-01-15,22097.44921875,22300.0,10,0.0273972602739726,0.13059234707426634,0.130592,120.75,117.88142001164935,2.8686,283.65,280.7552118063625,2.8948,False
2024-01-15,22097.44921875,22350.0,10,0.0273972602739726,0.12988311339014666,0.129883,102.65,100.48416556706145,2.1658,313.9,313.2689955020105,0.631,False
2024-01-16,22032.30078125,21800.0,9,0.024657534246575342,0.11142855297141081,0.111429,322.2,318.7368733308194,3.4631,94.95,51.52435074407303,43.4256,False
2024-01-16,22032.30078125,21850.0,9,0.024657534246575342,0.11279731811485887,0.112797,287.2,285.23229161032145,1.9677,109.45,67.93969622235075,41.5103,False
2024-01-16,22032.30078125,21900.0,9,0.024657534246575342,0.11496236557335447,0.114962,255.65,255.54603680236684,0.104,125.9,88.17336861316531,37.7266,False
2024-01-16,22032.30078125,21950.0,9,0.024657534246575342,0.1158274917859147,0.115827,225.0,224.4531030026845,0.5469,146.25,107.00036201224754,39.2496,False
2024-01-16,22032.30078125,22000.0,9,0.024657534246575342,0.11505194912222004,0.115052,194.6,191.19241160524976,3.4076,166.85,123.6595978135855,43.1904,False
2024-01-16,22032.30078125,22050.0,9,0.024657534246575342,0.11683534887435759,0.116835,170.15,165.58679668598393,4.5632,191.55,147.9739100930836,43.5761,True
2024-01-16,22032.30078125,22100.0,9,0.024657534246575342,0.11800907902566131,0.118009,147.35,146.4460785778604,0.9039,216.05,178.75311918373194,37.2969,False
2024-01-16,22032.30078125,22150.0,9,0.024657534246575342,0.11852465636344024,0.118525,126.05,126.32776114931185,-0.2778,246.6,208.5547289539585,38.0453,False
2024-01-16,22032.30078125,22200.0,9,0.024657534246575342,0.11776341844587633,0.117763,105.4,104.49719684508024,0.9028,277.0,236.64409184849004,40.3559,False
2024-01-16,22032.30078125,22250.0,9,0.024657534246575342,0.11913683513924439,0.119137,89.8,85.43961607996152,4.3604,310.9,267.5064382821427,43.3936,False
2024-01-16,22032.30078125,22300.0,9,0.024657534246575342,0.11951169152147662,0.119512,75.0,73.87979683435378,1.1202,348.7,305.86654623530137,42.8335,False
2024-01-17,21571.94921875,21300.0,8,0.021917808219178082,0.16305955531094768,0.16306,391.7,391.055521991847,0.6445,99.25,88.78270326377384,10.4673,False
2024-01-17,21571.94921875,21350.0,8,0.021917808219178082,0.16255962796501217,0.16256,356.2,352.9351115675808,3.2649,114.7,100.591110679944,14.1089,False
2024-01-17,21571.94921875,21400.0,8,0.021917808219178082,0.16178301185124505,0.161783,322.05,320.66107210062694,1.3889,130.8,118.2458890534114,12.5541,False
2024-01-17,21571.94921875,21450.0,8,0.021917808219178082,0.16122522079918467,0.161225,289.9,289.84943321151417,0.0506,147.7,137.3630680047288,10.3369,False
2024-01-17,21571.94921875,21500.0,8,0.021917808219178082,0.16000447737805942,0.160004,258.75,258.1687851022075,0.5812,167.45,155.61123773584862,11.8388,False
2024-01-17,21571.94921875,21550.0,8,0.021917808219178082,0.15968722684645792,0.159687,230.6,227.56222370048317,3.0378,189.6,174.9334941745538,14.6665,True
2024-01-17,21571.94921875,21600.0,8,0.021917808219178082,0.15851738673434485,0.158517,203.3,200.68191850469842,2.6181,211.3,197.982006819193,13.318,False
2024-01-17,21571.94921875,21650.0,8,0.021917808219178082,0.15934921621584122,0.159349,180.5,180.183439773689,0.3166,236.7,227.41234592861178,9.2877,False
2024-01-17,21571.94921875,21700.0,8,0.021917808219178082,0.1569734602340875,0.156973,155.6,155.63744014918615,-0.0374,263.8,252.79516414453457,11.0048,False
2024-01-17,21571.94921875,21750.0,8,0.021917808219178082,0.1566883522985684,0.156688,135.3,133.76246087615044,1.5375,292.7,280.8490027119338,11.851,False
2024-01-17,21571.94921875,21800.0,8,0.021917808219178082,0.1552610491614059,0.155261,115.55,112.19581640326203,3.3542,323.75,309.2111760794711,14.5388,False
2024-01-18,21462.25,21200.0,7,0.019178082191780823,0.17916204646656286,0.179162,386.0,385.0603093590822,0.9397,55.25,96.39937712732579,-41.1494,False
2024-01-18,21462.25,21250.0,7,0.019178082191780823,0.1777313457115937,0.177731,350.2,346.42682183869795,3.7732,66.4,107.70359967242841,-41.3036,False
2024-01-18,21462.25,21300.0,7,0.019178082191780823,0.17186716962356643,0.171867,311.1,310.0892036930427,1.0108,78.2,121.30369159226484,-43.1037,False
2024-01-18,21462.25,21350.0,7,0.019178082191780823,0.16777578453174807,0.167776,275.4,275.4054213182112,-0.0054,93.1,136.5576192829273,-43.4576,False
2024-01-18,21462.25,21400.0,7,0.019178082191780823,0.1637927454433174,0.163793,241.5,240.57113370498448,0.9289,110.1,151.66104173518772,-41.561,False
2024-01-18,21462.25,21450.0,7,0.019178082191780823,0.1618506346207691,0.161851,211.85,207.9122068635373,3.9378,130.05,168.93982495923163,-38.8898,True
2024-01-18,21462.25,21500.0,7,0.019178082191780823,0.15917340681379416,0.159173,183.35,181.2085399322737,2.1415,150.0,192.1738680934589,-42.1739,False
2024-01-18,21462.25,21550.0,7,0.019178082191780823,0.15648998860595315,0.15649,156.95,156.8606720661699,0.0893,173.25,217.76371029284445,-44.5137,False
2024-01-18,21462.25,21600.0,7,0.019178082191780823,0.1533372259468357,0.153337,132.2,132.1037069366784,0.0963,198.65,242.94445522884894,-44.2945,False
2024-01-18,21462.25,21650.0,7,0.019178082191780823,0.15247690225673172,0.152477,112.3,110.08995144961773,2.21,227.15,270.86840980727754,-43.7184,False
2024-01-18,21462.25,21700.0,7,0.019178082191780823,0.15076499399021523,0.150765,93.6,90.92682861949105,2.6732,259.05,301.6429970426442,-42.593,False
2024-01-19,21622.400390625,21350.0,13,0.03561643835616438,0.17812616079149304,0.178126,476.85,476.26333801846,0.5867,100.45,154.4934040514506,-54.0434,False
2024-01-19,21622.400390625,21400.0,13,0.03561643835616438,0.1752297322457289,0.17523,439.9,437.34962438158993,2.5504,113.4,165.46407087514154,-52.0641,False
2024-01-19,21622.400390625,21450.0,13,0.03561643835616438,0.17130688487549,0.171307,402.45,401.31706081769556,1.1329,127.25,179.31588777179846,-52.0659,False
2024-01-19,21622.400390625,21500.0,13,0.03561643835616438,0.17050726279375394,0.170507,371.0,370.9225769107111,0.0774,141.85,198.80578432536953,-56.9558,False
2024-01-19,21622.400390625,21550.0,13,0.03561643835616438,0.16682693345272448,0.166827,336.3,335.87298908881814,0.427,159.5,213.6405769640346,-54.1406,False
2024-01-19,21622.400390625,21600.0,13,0.03561643835616438,0.16603609223863136,0.166036,307.55,305.3166221947595,2.2334,178.75,232.96859053053697,-54.2186,True
2024-01-19,21622.400390625,21650.0,13,0.03561643835616438,0.16343688978107376,0.163437,277.3,275.3151193503555,1.9849,198.9,252.85146814668576,-53.9515,False
2024-01-19,21622.400390625,21700.0,13,0.03561643835616438,0.1607402811960916,0.16074,248.35,248.08388548075024,0.2661,219.6,275.50461473763676,-55.9046,False
2024-01-19,21622.400390625,21750.0,13,0.03561643835616438,0.15873752206559968,0.158738,222.05,222.03301778039616,0.017,243.7,299.3381274978451,-55.6381,False
2024-01-19,21622.400390625,21800.0,13,0.03561643835616438,0.15631918400784178,0.156319,196.65,195.35553704111635,1.2945,270.45,322.5450272191192,-52.095,False
2024-01-19,21622.400390625,21850.0,13,0.03561643835616438,0.15493496722977063,0.154935,174.5,171.61461952217076,2.8854,296.15,348.6884901607358,-52.5385,False
2024-01-23,21238.80078125,21000.0,9,0.024657534246575342,0.17257097644425712,0.172571,389.75,387.94605349553285,1.8039,126.5,115.51469572849344,10.9853,False
2024-01-23,21238.80078125,21050.0,9,0.024657534246575342,0.1715629091765777,0.171563,355.45,353.2568763648487,2.1931,143.15,130.74544579657214,12.4046,False
2024-01-23,21238.80078125,21100.0,9,0.024657534246575342,0.17067536862731028,0.170675,322.85,322.5197176319532,0.3303,161.15,149.92821426244495,11.2218,False
2024-01-23,21238.80078125,21150.0,9,0.024657534246575342,0.16899698288140325,0.168997,290.85,290.7034633492667,0.1465,180.8,168.03188717853004,12.7681,False
2024-01-23,21238.80078125,21200.0,9,0.024657534246575342,0.17039528109574273,0.170395,264.55,262.86734279757894,1.6827,201.25,190.11569382560967,11.1343,False
2024-01-23,21238.80078125,21250.0,9,0.024657534246575342,0.1704470649659117,0.170447,238.25,234.9859805213519,3.264,224.45,212.15425874815054,12.2957,True
2024-01-23,21238.80078125,21300.0,9,0.024657534246575342,0.16880699730316864,0.168807,211.45,210.72663434651264,0.7234,249.4,237.81483977207938,11.5852,False
2024-01-23,21238.80078125,21350.0,9,0.024657534246575342,0.16911889982770956,0.169119,189.0,189.09165096205493,-0.0917,276.65,266.09978358639535,10.5502,False
2024-01-23,21238.80078125,21400.0,9,0.024657534246575342,0.16764229453538698,0.167642,165.95,165.11525092782819,0.8347,302.85,292.043310750939,10.8067,False
2024-01-23,21238.80078125,21450.0,9,0.024657534246575342,0.16782617451594645,0.167826,146.8,143.3236684581373,3.4763,332.5,320.1716554800081,12.3283,False
2024-01-23,21238.80078125,21500.0,9,0.024657534246575342,0.1670723209988254,0.167072,128.15,127.1933209480194,0.9567,364.65,353.96123516866294,10.6888,False
2024-01-24,21453.94921875,21200.0,8,0.021917808219178082,0.20272672470959371,0.202727,422.0,420.8521226196107,1.1479,81.2,136.72166821068126,-55.5217,False
2024-01-24,21453.94921875,21250.0,8,0.021917808219178082,0.20203704787655935,0.202037,388.65,385.9054661400906,2.7445,96.9,151.70382957159822,-54.8038,False
2024-01-24,21453.94921875,21300.0,8,0.021917808219178082,0.19445682037696949,0.194457,348.4,347.75517773162716,0.6448,110.0,163.48235900355482,-53.4824,False
2024-01-24,21453.94921875,21350.0,8,0.021917808219178082,0.19383677212201178,0.193837,317.85,317.83310520006125,0.0169,126.4,183.4891043124215,-57.0891,False
2024-01-24,21453.94921875,21400.0,8,0.021917808219178082,0.18961366922134465,0.189614,284.35,283.34695967790685,1.003,144.3,198.9317766306923,-54.6318,False
2024-01-24,21453.94921875,21450.0,8,0.021917808219178082,0.18704337126172277,0.187043,254.45,250.76323759135562,3.6868,162.75,216.27687238457037,-53.5269,True
2024-01-24,21453.94921875,21500.0,8,0.021917808219178082,0.18306401616010562,0.183064,224.4,223.08085345777374,1.3191,183.65,238.52330609141285,-54.8733,False
2024-01-24,21453.94921875,21550.0,8,0.021917808219178082,0.18248042213053142,0.18248,200.35,200.36740512220177,-0.0174,206.4,265.7386755962706,-59.3387,False
2024-01-24,21453.94921875,21600.0,8,0.021917808219178082,0.1787574967103941,0.178757,174.1,173.76226936913142,0.3377,232.65,289.0623576836238,-56.4124,False
2024-01-24,21453.94921875,21650.0,8,0.021917808219178082,0.1751917723171775,0.175192,149.9,147.46887364319807,2.4311,260.75,312.69777979812363,-51.9478,False
2024-01-24,21453.94921875,21700.0,8,0.021917808219178082,0.173434708157721,0.173435,129.75,127.87238376626618,1.8776,293.65,343.0301077616176,-49.3801,False
2024-01-25,21352.599609375,21100.0,7,0.019178082191780823,0.18627748389576865,0.186277,385.5,384.2356278019174,1.2644,67.0,105.34966606417274,-38.3497,False
2024-01-25,21352.599609375,21150.0,7,0.019178082191780823,0.17974859975814034,0.179749,344.85,341.7231897597768,3.1268,80.95,112.7749380875255,-31.8249,False
2024-01-25,21352.599609375,21200.0,7,0.019178082191780823,0.17774767871641364,0.177748,310.4,309.71974169064634,0.6803,94.75,130.7092000838864,-35.9592,False
2024-01-25,21352.599609375,21250.0,7,0.019178082191780823,0.1723592194996726,0.172359,273.75,273.73485785158664,0.0151,112.85,144.66202631031857,-31.812,False
2024-01-25,21352.599609375,21300.0,7,0.019178082191780823,0.1708420319782665,0.170842,243.2,241.9419833069434,1.258,130.3,162.8068618311662,-32.5069,False
2024-01-25,21352.599609375,21350.0,7,0.019178082191780823,0.1700080062636365,0.170008,215.35,210.8705636680112,4.4794,148.15,181.67315225772796,-33.5232,True
2024-01-25,21352.599609375,21400.0,7,0.019178082191780823,0.16933137853964908,0.169331,189.65,188.19255173654642,1.4574,169.9,208.93285039174577,-39.0329,False
2024-01-25,21352.599609375,21450.0,7,0.019178082191780823,0.1679406891985631,0.167941,165.1,165.1593630589644,-0.0594,193.0,235.83737177965875,-42.8374,False
2024-01-25,21352.599609375,21500.0,7,0.019178082191780823,0.1655356809627272,0.165536,141.4,141.01909759460654,0.3809,221.65,261.63481638079094,-39.9848,False
2024-01-25,21352.599609375,21550.0,7,0.019178082191780823,0.16404040524377783,0.16404,120.8,118.00532629633288,2.7947,240.65,288.5587551480157,-47.9088,False
2024-01-25,21352.599609375,21600.0,7,0.019178082191780823,0.16294633399681774,0.162946,102.65,100.80294293947091,1.8471,278.5,321.2940818566383,-42.7941,False
2024-01-29,21737.599609375,21500.0,10,0.0273972602739726,0.1976643144248241,0.197664,441.05,439.1540790273033,1.8959,150.9,163.30086995325786,-12.4009,False
2024-01-29,21737.599609375,21550.0,10,0.0273972602739726,0.20260919864283924,0.202609,416.2,414.56243784296,1.6376,167.15,188.62026690914547,-21.4703,False
2024-01-29,21737.599609375,21600.0,10,0.0273972602739726,0.20014295671409285,0.200143,382.7,382.4740494022655,0.226,182.3,206.44291660868842,-24.1429,False
2024-01-29,21737.599609375,21650.0,10,0.0273972602739726,0.1940319218768361,0.194032,345.3,345.1415200463125,0.1585,203.15,219.02142539296824,-15.8714,False
2024-01-29,21737.599609375,21700.0,10,0.0273972602739726,0.19049984927071928,0.1905,312.75,311.2222419913895,1.5278,222.8,235.0131854782831,-12.2132,False
2024-01-29,21737.599609375,21750.0,10,0.0273972602739726,0.19254508533117573,0.192545,289.55,286.825230769452,2.7248,243.3,260.5272123965806,-17.2272,True
2024-01-29,21737.599609375,21800.0,10,0.0273972602739726,0.18855738269871916,0.188557,259.15,258.51825338844446,0.6317,265.45,282.13127315581136,-16.6813,False
2024-01-29,21737.599609375,21850.0,10,0.0273972602739726,0.18857393027074706,0.188574,235.95,236.01206962754313,-0.0621,290.35,309.53612753513977,-19.1861,False
2024-01-29,21737.599609375,21900.0,10,0.0273972602739726,0.1875678718524176,0.187568,212.75,212.0547895399065,0.6952,315.75,335.4898855877382,-19.7399,False
2024-01-29,21737.599609375,21950.0,10,0.0273972602739726,0.1862243597197638,0.186224,190.55,187.64287657345142,2.9071,341.2,360.98901076152515,-19.789,False
2024-01-29,21737.599609375,22000.0,10,0.0273972602739726,0.18357214869069788,0.183572,168.05,166.93703944126545,1.113,368.4,390.1942117695645,-21.7942,False
2024-01-30,21522.099609375,21250.0,9,0.024657534246575342,0.2075860983109171,0.207586,457.35,456.79957975480954,0.5504,136.5,150.66902985660957,-14.169,False
2024-01-30,21522.099609375,21300.0,9,0.024657534246575342,0.20940525806183247,0.209405,427.15,424.6377266142874,2.5123,151.1,168.42710391485562,-17.3271,False
2024-01-30,21522.099609375,21350.0,9,0.024657534246575342,0.20455678129858426,0.204557,389.85,388.70795141339795,1.142,169.55,182.41725591273433,-12.8673,False
2024-01-30,21522.099609375,21400.0,9,0.024657534246575342,0.20221483346040492,0.202215,356.95,356.8871276797211,0.0629,187.0,200.5163593778315,-13.5164,False
2024-01-30,21522.099609375,21450.0,9,0.024657534246575342,0.2018128909312318,0.201813,327.95,327.54444364000824,0.4056,206.75,221.09360253688862,-14.3436,False
2024-01-30,21522.099609375,21500.0,9,0.024657534246575342,0.20063850399605984,0.200639,299.35,297.138943748421,2.2111,226.75,240.6080298440695,-13.858,True
2024-01-30,21522.099609375,21550.0,9,0.024657534246575342,0.1996176486005967,0.199618,272.4,270.4819104872941,1.9181,249.85,263.8709237817045,-14.0209,False
2024-01-30,21522.099609375,21600.0,9,0.024657534246575342,0.1976921104457441,0.197692,245.7,245.45555465561884,0.2444,274.4,288.7644951488057,-14.3645,False
2024-01-30,21522.099609375,21650.0,9,0.024657534246575342,0.19501991696984955,0.19502,219.5,219.47171710504765,0.0283,296.95,312.70058479700236,-15.7506,False
2024-01-30,21522.099609375,21700.0,9,0.024657534246575342,0.19620706493393417,0.196207,199.95,198.66359400444728,1.2864,325.05,341.8123888951702,-16.7624,False
2024-01-30,21522.099609375,21750.0,9,0.024657534246575342,0.1956974195741601,0.195697,179.6,176.93058346694613,2.6694,352.2,369.9993055564409,-17.7993,False
2024-01-31,21725.69921875,21500.0,8,0.021917808219178082,0.19771844864105556,0.197718,400.8,398.09237195292525,2.7076,147.35,141.78482458656475,5.5652,False
2024-01-31,21725.69921875,21550.0,8,0.021917808219178082,0.19475530993403287,0.194755,365.4,364.0681684319956,1.3318,163.4,157.689438906061,5.7106,False
2024-01-31,21725.69921875,21600.0,8,0.021917808219178082,0.19427055112956856,0.194271,334.4,334.31855631341773,0.0814,181.95,177.86864462791675,4.0814,False
2024-01-31,21725.69921875,21650.0,8,0.021917808219178082,0.19471143220790046,0.194711,306.1,305.7125084550165,0.3875,202.75,199.19141460994007,3.5586,False
2024-01-31,21725.69921875,21700.0,8,0.021917808219178082,0.19225894515459002,0.192259,275.7,273.40134965145273,2.2987,222.65,216.80907364680525,5.8409,False
2024-01-31,21725.69921875,21750.0,8,0.021917808219178082,0.19073896367430268,0.190739,248.05,245.6747987116592,2.3752,247.55,239.01134054743855,8.5387,True
2024-01-31,21725.69921875,21800.0,8,0.021917808219178082,0.18881867051369272,0.188819,221.5,221.1291653225368,0.3708,271.55,264.3945249987422,7.1555,False
2024-01-31,21725.69921875,21850.0,8,0.021917808219178082,0.1889439684785315,0.188944,199.2,199.23088600616973,-0.0309,297.15,292.42506352280526,4.7249,False
2024-01-31,21725.69921875,21900.0,8,0.021917808219178082,0.18846836944225123,0.188468,177.75,176.5742162599508,1.1758,326.55,319.6972116170046,6.8528,False
2024-01-31,21725.69921875,21950.0,8,0.021917808219178082,0.18795132735879835,0.187951,157.85,154.5534233274866,3.2966,354.3,347.605236524971,6.6948,False
2024-01-31,21725.69921875,22000.0,8,0.021917808219178082,0.1874980068215948,0.187498,139.6,138.9178807588786,0.6821,387.2,381.89851179679346,5.3015,False
2024-02-01,21697.44921875,21450.0,7,0.019178082191780823,0.12534203337731936,0.125342,324.75,322.7420055147613,2.008,74.4,48.57040486045938,25.8296,False
2024-02-01,21697.44921875,21500.0,7,0.019178082191780823,0.12695690051645214,0.126957,289.2,286.0483908153841,3.1516,88.35,61.81450022657128,26.5355,False
2024-02-01,21697.44921875,21550.0,7,0.019178082191780823,0.1272392240723685,0.127239,254.7,254.25842888259066,0.4416,103.7,79.96224835926569,23.7378,False
2024-02-01,21697.44921875,21600.0,7,0.019178082191780823,0.12791304728885036,0.127913,223.05,222.94933869096946,0.1007,121.5,98.59086823314216,22.9091,False
2024-02-01,21697.44921875,21650.0,7,0.019178082191780823,0.12791405903394604,0.127914,193.15,190.91928444410144,2.2307,142.55,116.49852405175874,26.0515,False
2024-02-01,21697.44921875,21700.0,7,0.019178082191780823,0.12900258575326928,0.129003,167.1,160.85708778199586,6.2429,164.3,136.3740374551462,27.926,True
2024-02-01,21697.44921875,21750.0,7,0.019178082191780823,0.1298935466636944,0.129894,143.4,141.67572553079953,1.7243,190.4,167.13038526943927,23.2696,False
2024-02-01,21697.44921875,21800.0,7,0.019178082191780823,0.12991871541253228,0.129919,121.2,121.40683730355283,-0.2068,218.7,196.79920710768624,21.9008,False
2024-02-01,21697.44921875,21850.0,7,0.019178082191780823,0.13035190096366192,0.130352,101.95,101.59868710217977,0.3513,249.45,226.92876697180355,22.5212,False
2024-02-01,21697.44921875,21900.0,7,0.019178082191780823,0.13032463750078768,0.130325,84.55,81.25278513921856,3.2972,283.05,256.5205750743397,26.5294,False
2024-02-01,21697.44921875,21950.0,7,0.019178082191780823,0.13139712126467215,0.131397,70.55,68.69283471532403,1.8572,318.0,293.8983347159334,24.1017,False
2024-02-02,21853.80078125,21600.0,13,0.03561643835616438,0.14960975751141523,0.14961,425.75,424.29790123577135,1.4521,115.75,120.54947894655207,-4.7995,False
2024-02-02,21853.80078125,21650.0,13,0.03561643835616438,0.1473645815771313,0.147365,388.95,386.2187477352863,2.7313,129.2,132.3547059066167,-3.1547,False
2024-02-02,21853.80078125,21700.0,13,0.03561643835616438,0.145709488232102,0.145709,354.35,353.73152187067046,0.6185,144.95,149.75186050255854,-4.8019,False
2024-02-02,21853.80078125,21750.0,13,0.03561643835616438,0.1471556263663754,0.147156,326.1,326.04294563639155,0.0571,162.45,171.9476647288417,-9.4977,False
2024-02-02,21853.80078125,21800.0,13,0.03561643835616438,0.14566279146479927,0.145663,294.8,293.68579634683425,1.1142,181.3,189.4748958998373,-8.1749,False
2024-02-02,21853.80078125,21850.0,13,0.03561643835616438,0.14394758055144502,0.143948,264.7,260.84356322225733,3.8564,201.8,206.51704323581873,-4.717,True
2024-02-02,21853.80078125,21900.0,13,0.03561643835616438,0.14270583300607254,0.142706,237.0,235.61139446039869,1.3886,224.4,231.16925493451623,-6.7693,False
2024-02-02,21853.80078125,21950.0,13,0.03561643835616438,0.14184236801909142,0.141842,211.6,211.60026180056596,-0.0003,248.85,257.0425027352378,-8.1925,False
2024-02-02,21853.80078125,22000.0,13,0.03561643835616438,0.14103974943521191,0.14104,188.0,187.71478314981385,0.2852,273.75,283.0414045450444,-9.2914,False
2024-02-02,21853.80078125,22050.0,13,0.03561643835616438,0.13998363704846734,0.139984,165.7,163.44347788066958,2.2565,300.4,308.65447973646167,-8.2545,False
2024-02-02,21853.80078125,22100.0,13,0.03561643835616438,0.13930029598441224,0.1393,145.7,143.56308057049216,2.1369,331.2,338.6584628868348,-7.4585,False
2024-02-05,21771.69921875,21500.0,10,0.0273972602739726,0.13280736386311587,0.132807,383.5,382.7054984627483,0.7945,121.85,72.75268001369483,49.0973,False
2024-02-05,21771.69921875,21550.0,10,0.0273972602739726,0.1318110392305171,0.131811,346.25,342.5603241446755,3.6897,138.2,82.51854383586716,55.6815,False
2024-02-05,21771.69921875,21600.0,10,0.0273972602739726,0.13605954301089201,0.13606,317.5,316.12148374931326,1.3785,155.0,105.9907415807373,49.0093,False
2024-02-05,21771.69921875,21650.0,10,0.0273972602739726,0.13787696838004726,0.137877,287.85,287.79338040983345,0.0566,173.55,127.57367638148853,45.9763,False
2024-02-05,21771.69921875,21700.0,10,0.0273972602739726,0.13795207631769657,0.137952,257.85,257.1885467700167,0.6615,191.85,146.87988088190744,44.9701,False
2024-02-05,21771.69921875,21750.0,10,0.0273972602739726,0.13843536525931938,0.138435,230.4,227.182826366126,3.2172,217.8,166.78519861825228,51.0148,True
2024-02-05,21771.69921875,21800.0,10,0.0273972602739726,0.13968258320588225,0.139683,206.05,203.36148703092897,2.6885,239.85,192.87489742329655,46.9751,False
2024-02-05,21771.69921875,21850.0,10,0.0273972602739726,0.13999901845790638,0.139999,182.35,182.0132027655104,0.3368,267.55,221.43765129810862,46.1123,False
2024-02-05,21771.69921875,21900.0,10,0.0273972602739726,0.1408435741945357,0.140844,161.35,161.40008001431664,-0.0501,293.75,250.73556668714622,43.0144,False
2024-02-05,21771.69921875,21950.0,10,0.0273972602739726,0.14012134310655838,0.140121,140.05,138.56506740882705,1.4849,321.65,277.811592221897,43.8384,False
2024-02-05,21771.69921875,22000.0,10,0.0273972602739726,0.14064095880685498,0.140641,122.35,118.8429849349769,3.507,356.15,308.00054788828174,48.1495,False
2024-02-06,21929.400390625,21700.0,9,0.024657534246575342,0.15077723860979497,0.150777,364.35,361.2514081057953,3.0986,124.2,97.09942174652038,27.1006,False
2024-02-06,21929.400390625,21750.0,9,0.024657534246575342,0.15085708598181113,0.150857,330.8,329.15746952211794,1.6425,141.55,114.92541036161126,26.6246,False
2024-02-06,21929.400390625,21800.0,9,0.024657534246575342,0.15017653186479715,0.150177,298.05,297.9352076765006,0.1148,157.3,133.62307571475782,23.6769,False
2024-02-06,21929.400390625,21850.0,9,0.024657534246575342,0.14834341230622872,0.148343,265.55,265.1121294616087,0.4379,176.6,150.7199246986379,25.8801,False
2024-02-06,21929.400390625,21900.0,9,0.024657534246575342,0.14794373808946493,0.147944,236.8,234.12137561844438,2.6786,197.4,169.64909805424065,27.7509,False
2024-02-06,21929.400390625,21950.0,9,0.024657534246575342,0.1475964835084704,0.147596,210.05,206.7989366436562,3.2511,220.65,192.246586278221,28.4034,True
2024-02-06,21929.400390625,22000.0,9,0.024657534246575342,0.14805002506815065,0.14805,186.35,185.7609213561281,0.5891,242.4,221.1284981894586,21.2715,False
2024-02-06,21929.400390625,22050.0,9,0.024657534246575342,0.1461587997121133,0.146159,161.4,161.52819825069628,-0.1282,271.4,246.81570228280526,24.5843,False
2024-02-06,21929.400390625,22100.0,9,0.024657534246575342,0.14564871212505018,0.145649,140.3,139.21766067800792,1.0823,302.0,274.42509190888427,27.5749,False
2024-02-06,21929.400390625,22150.0,9,0.024657534246575342,0.14406931598618547,0.144069,119.75,115.53023058829143,4.2198,331.75,300.65758901793276,31.0924,False
2024-02-06,21929.400390625,22200.0,9,0.024657534246575342,0.14488308212868808,0.144883,104.15,103.18851115863616,0.9615,358.35,338.23579678704334,20.1142,False
2024-02-07,21930.5,21700.0,8,0.021917808219178082,0.1500352009987273,0.150035,351.35,348.1991991429313,3.1508,89.6,86.80614188828682,2.7939,False
2024-02-07,21930.5,21750.0,8,0.021917808219178082,0.1520478110449156,0.152048,319.6,317.8573137257738,1.7427,103.4,106.3930743115478,-2.9931,False
2024-02-07,21930.5,21800.0,8,0.021917808219178082,0.14863490981469957,0.148635,283.3,283.18533044709295,0.1147,120.9,121.64990887329549,-0.7499,False
2024-02-07,21930.5,21850.0,8,0.021917808219178082,0.14587515771340348,0.145875,249.5,249.0557075264727,0.4443,137.6,137.44910379310397,0.1509,False
2024-02-07,21930.5,21900.0,8,0.021917808219178082,0.14679685893263228,0.146797,222.3,219.48941412644422,2.8106,158.4,157.81162823350084,0.5884,False
2024-02-07,21930.5,21950.0,8,0.021917808219178082,0.14624234872448547,0.146242,195.3,191.70715596365187,3.5928,182.3,179.95818791113896,2.3418,True
2024-02-07,21930.5,22000.0,8,0.021917808219178082,0.14503910927541044,0.145039,169.55,168.8681590933473,0.6818,206.3,207.04800888125737,-0.748,False
2024-02-07,21930.5,22050.0,8,0.021917808219178082,0.1449175712083151,0.144918,147.3,147.4661656831221,-0.1662,233.75,235.57483331146497,-1.8248,False
2024-02-07,21930.5,22100.0,8,0.021917808219178082,0.14369630635524552,0.143696,125.75,124.69942847076356,1.0506,261.45,262.73691393952924,-1.2869,False
2024-02-07,21930.5,22150.0,8,0.021917808219178082,0.14283993201913056,0.14284,106.75,102.44356067852249,4.3064,294.7,290.4098639877205,4.2901,False
2024-02-07,21930.5,22200.0,8,0.021917808219178082,0.14221416926776656,0.142214,90.05,89.03853970281799,1.0115,329.6,326.933660852444,2.6663,False
2024-02-08,21717.94921875,21450.0,7,0.019178082191780823,0.17871361904853103,0.178714,391.95,391.1002829083005,0.8497,69.0,96.4286822539999,-27.4287,False
2024-02-08,21717.94921875,21500.0,7,0.019178082191780823,0.17563195646418212,0.175632,354.25,350.5964667793393,3.6535,81.05,105.86257619053367,-24.8126,False
2024-02-08,21717.94921875,21550.0,7,0.019178082191780823,0.1688320394591515,0.168832,313.85,312.66426709265306,1.1857,95.95,117.86808656932676,-21.9181,False
2024-02-08,21717.94921875,21600.0,7,0.019178082191780823,0.16535413340333704,0.165354,278.55,278.54350149829435,0.0065,109.7,133.6850310404617,-23.985,False
2024-02-08,21717.94921875,21650.0,7,0.019178082191780823,0.1641755448574639,0.164176,247.65,246.89520374820611,0.7548,128.65,151.97444335586806,-23.3244,False
2024-02-08,21717.94921875,21700.0,7,0.019178082191780823,0.16309555307726625,0.163096,218.8,215.28039698756257,3.5196,146.3,170.2973466607141,-23.9973,True
2024-02-08,21717.94921875,21750.0,7,0.019178082191780823,0.16185120535354475,0.161851,191.75,189.2340543879917,2.5159,167.8,194.18871412663313,-26.3887,False
2024-02-08,21717.94921875,21800.0,7,0.019178082191780823,0.15944156965958287,0.159442,165.35,165.10536233008344,0.2446,191.55,219.99773213421975,-28.4477,False
2024-02-08,21717.94921875,21850.0,7,0.019178082191780823,0.15787220946192365,0.157872,142.05,142.07129292538946,-0.0213,216.4,246.90137279501317,-30.5014,False
2024-02-08,21717.94921875,21900.0,7,0.019178082191780823,0.15541754020690932,0.155418,119.85,118.10101601821329,1.749,250.85,272.86880595332815,-22.0188,False
2024-02-08,21717.94921875,21950.0,7,0.019178082191780823,0.1550773030390885,0.155077,102.15,98.82999087493785,3.32,278.3,303.53549087554467,-25.2355,False
2024-02-09,21782.5,21550.0,13,0.03561643835616438,0.15070625186735906,0.150706,412.1,409.66763970954094,2.4324,127.1,127.3356182097568,-0.2356,False
2024-02-09,21782.5,21600.0,13,0.03561643835616438,0.1328020639281848,0.132802,352.4,350.6045471733989,1.7955,141.4,118.15690613417105,23.2431,False
2024-02-09,21782.5,21650.0,13,0.03561643835616438,0.1335645555916409,0.133565,321.45,321.24983291335013,0.2002,157.25,138.68657233468136,18.5634,False
2024-02-09,21782.5,21700.0,13,0.03561643835616438,0.13397703849202688,0.133977,291.75,291.40736161053417,0.3426,177.75,158.72848149242674,19.0215,False
2024-02-09,21782.5,21750.0,13,0.03561643835616438,0.13318709192480474,0.133187,261.9,259.63458888866614,2.2654,198.2,176.84008923111352,21.3599,False
2024-02-09,21782.5,21800.0,13,0.03561643835616438,0.13315318167311072,0.133153,235.05,231.88677629973427,3.1632,220.05,198.9766571027371,21.0733,True
2024-02-09,21782.5,21850.0,13,0.03561643835616438,0.13234941178001844,0.132349,208.75,208.11877192267778,0.6312,244.4,225.0930331862378,19.307,False
2024-02-09,21782.5,21900.0,13,0.03561643835616438,0.13195989411853817,0.13196,184.95,185.05367128707732,-0.1037,270.7,251.91231301120092,18.7877,False
2024-02-09,21782.5,21950.0,13,0.03561643835616438,0.13130930679926217,0.131309,162.55,161.58026518640048,0.9697,302.65,278.3232873710759,24.3267,False
2024-02-09,21782.5,22000.0,13,0.03561643835616438,0.13121912316647857,0.131219,142.85,139.02298765828567,3.827,330.05,305.6503903035173,24.3996,False
2024-02-09,21782.5,22050.0,13,0.03561643835616438,0.12932490134357041,0.129325,122.15,121.15183264058899,0.9982,352.75,337.66361574638364,15.0864,False
2024-02-12,21616.05078125,21350.0,10,0.0273972602739726,0.16545295435963067,0.165453,417.2,416.34601895659,0.854,104.55,112.3085235868471,-7.7585,False
2024-02-12,21616.05078125,21400.0,10,0.0273972602739726,0.16886166409884149,0.168862,387.8,384.47558105725085,3.3244,118.65,130.34912382773908,-11.6991,False
2024-02-12,21616.05078125,21450.0,10,0.0273972602739726,0.16730009253159628,0.1673,353.6,352.56815966447107,1.0318,134.9,148.35274057519254,-13.4527,False
2024-02-12,21616.05078125,21500.0,10,0.0273972602739726,0.16099436546579424,0.160994,314.35,314.3177065848994,0.0323,153.8,160.01332563585171,-6.2133,False
2024-02-12,21616.05078125,21550.0,10,0.0273972602739726,0.16184569267227378,0.161846,286.4,285.7205749489926,0.6794,171.25,181.327232140183,-10.0772,False
2024-02-12,21616.05078125,21600.0,10,0.0273972602739726,0.1602026824178037,0.160203,256.65,253.58933516145146,3.0607,188.5,199.10703049287534,-10.607,True
2024-02-12,21616.05078125,21650.0,10,0.0273972602739726,0.16126617626394088,0.161266,232.45,230.49002550084666,1.96,211.05,225.91875897250569,-14.8688,False
2024-02-12,21616.05078125,21700.0,10,0.0273972602739726,0.15834364456365627,0.158344,204.3,204.13418904579294,0.1658,235.15,249.4739606576838,-14.324,False
2024-02-12,21616.05078125,21750.0,10,0.0273972602739726,0.1579448350424776,0.157945,181.5,181.4250203908628,0.075,262.6,276.6758301429925,-14.0758,False
2024-02-12,21616.05078125,21800.0,10,0.0273972602739726,0.15636459852911044,0.156365,158.8,157.08386262854225,1.7161,290.9,302.2457105209061,-11.3457,False
2024-02-12,21616.05078125,21850.0,10,0.0273972602739726,0.15589930970033108,0.155899,139.4,136.66140238578905,2.7386,323.05,331.73428841839143,-8.6843,False
2024-02-13,21743.25,21500.0,9,0.024657534246575342,0.15868358130669782,0.158684,381.55,379.5265401684336,2.0235,93.3,101.84523563907618,-8.5452,False
2024-02-13,21743.25,21550.0,9,0.024657534246575342,0.15552754745468947,0.155528,343.9,341.49125498558726,2.4087,106.05,113.7298776550015,-7.6799,False
2024-02-13,21743.25,21600.0,9,0.024657534246575342,0.1523950005923272,0.152395,307.7,307.31985253248627,0.3801,120.8,129.47840240066972,-8.6784,False
2024-02-13,21743.25,21650.0,9,0.024657534246575342,0.15206680645413242,0.152067,276.75,276.6102278424718,0.1398,139.55,148.68870490942155,-9.1387,False
2024-02-13,21743.25,21700.0,9,0.024657534246575342,0.14965472255986162,0.149655,244.85,243.04536157941527,1.8046,158.1,165.04376584513346,-6.9438,False
2024-02-13,21743.25,21750.0,9,0.024657534246575342,0.14880315939334823,0.148803,216.9,212.64667665773007,4.2533,178.85,184.56500812222183,-5.715,True
2024-02-13,21743.25,21800.0,9,0.024657534246575342,0.14726058277517853,0.147261,189.95,188.84672880117034,1.1033,200.95,210.68498746442836,-9.735,False
2024-02-13,21743.25,21850.0,9,0.024657534246575342,0.1459889749387121,0.145989,165.35,165.47675852517966,-0.1268,227.1,237.23494438720647,-10.1349,False
2024-02-13,21743.25,21900.0,9,0.024657534246575342,0.14418296823083857,0.144183,142.05,141.45571446444796,0.5943,251.65,263.1338275252402,-11.4838,False
2024-02-13,21743.25,21950.0,9,0.024657534246575342,0.14260559777410015,0.142606,121.1,117.81658297322105,3.2834,280.1,289.41462323278904,-9.3146,False
2024-02-13,21743.25,22000.0,9,0.024657534246575342,0.1407943731174302,0.140794,101.9,100.30812988938841,1.5919,314.35,321.8260973477238,-7.4761,False
2024-02-14,21840.05078125,21600.0,8,0.021917808219178082,0.15724765279925326,0.157248,365.25,362.8800832408792,2.3699,76.75,92.0786090553693,-15.3286,False
2024-02-14,21840.05078125,21650.0,8,0.021917808219178082,0.1559365224598068,0.155937,329.65,327.38167226933626,2.2683,89.4,106.50901592426501,-17.109,False
2024-02-14,21840.05078125,21700.0,8,0.021917808219178082,0.1513341652490025,0.151334,291.75,291.4584425431034,0.2916,104.45,120.51460403845535,-16.0646,False
2024-02-14,21840.05078125,21750.0,8,0.021917808219178082,0.15095169852272725,0.150952,260.65,260.4454630474339,0.2045,121.65,139.43044238321534,-17.7804,False
2024-02-14,21840.05078125,21800.0,8,0.021917808219178082,0.1471815100255567,0.147182,227.2,225.02811799799824,2.1719,139.6,153.9419151742027,-14.3419,False
2024-02-14,21840.05078125,21850.0,8,0.021917808219178082,0.14786258631539076,0.147863,201.4,197.08812271658644,4.3119,159.95,175.93073773321976,-15.9807,True
2024-02-14,21840.05078125,21900.0,8,0.021917808219178082,0.14649507664756042,0.146495,175.05,173.9961685982197,1.0538,181.15,202.76760145527658,-21.6176,False
2024-02-14,21840.05078125,21950.0,8,0.021917808219178082,0.14331576602511106,0.143316,148.5,148.67123421944666,-0.1712,207.75,227.37148491693048,-19.6215,False
2024-02-14,21840.05078125,22000.0,8,0.021917808219178082,0.14102690785114808,0.141027,125.3,124.62284080499187,0.6772,235.9,253.251909342909,-17.3519,False
2024-02-14,21840.05078125,22050.0,8,0.021917808219178082,0.14036781450769467,0.140368,106.3,102.68117421916135,3.6188,264.6,281.23906059750635,-16.6391,False
2024-02-14,21840.05078125,22100.0,8,0.021917808219178082,0.13745528651396838,0.137455,86.8,85.30546941376771,1.4945,293.7,313.7921736325437,-20.0922,False
2024-02-15,21910.75,21650.0,7,0.019178082191780823,0.17224085230540293,0.172241,382.0,380.71866417701364,1.2813,51.8,92.99712253467345,-41.1971,False
2024-02-15,21910.75,21700.0,7,0.019178082191780823,0.16586872062134683,0.165869,340.7,337.10141958409736,3.5986,61.65,99.31758800725115,-37.6676,False
2024-02-15,21910.75,21750.0,7,0.019178082191780823,0.1595971416731766,0.159597,300.7,299.8227233665698,0.8773,73.2,111.97660185521815,-38.7766,False
2024-02-15,21910.75,21800.0,7,0.019178082191780823,0.15662341381405206,0.156623,265.9,265.90991465657197,-0.0099,88.3,128.00150321070527,-39.7015,False
2024-02-15,21910.75,21850.0,7,0.019178082191780823,0.153471638994905,0.153472,232.7,231.55126598008857,1.1487,105.3,143.5805645997153,-38.2806,False
2024-02-15,21910.75,21900.0,7,0.019178082191780823,0.15023493132362215,0.150235,201.35,196.82173598266297,4.5283,123.9,158.78874466777756,-34.8887,True
2024-02-15,21910.75,21950.0,7,0.019178082191780823,0.14836170736930937,0.148362,173.75,171.42945351569193,2.3205,143.7,183.33417226629837,-39.6342,False
2024-02-15,21910.75,22000.0,7,0.019178082191780823,0.14535271399766161,0.145353,147.0,146.90463828332017,0.0954,166.7,208.7470670994199,-42.0471,False
2024-02-15,21910.75,22050.0,7,0.019178082191780823,0.14257413818144907,0.142574,122.85,122.82761215594451,0.0224,194.1,234.60775103753173,-40.5078,False
2024-02-15,21910.75,22100.0,7,0.019178082191780823,0.14028669365359583,0.140287,101.65,99.48672515323666,2.1633,220.45,261.20457410031855,-40.7546,False
2024-02-15,21910.75,22150.0,7,0.019178082191780823,0.13778758925774387,0.137788,82.6,79.50272173260454,3.0973,251.95,291.1582807451723,-39.2083,False
2024-02-16,22040.69921875,21800.0,13,0.03561643835616438,0.1452763229854383,0.145276,412.65,410.41359152211453,2.2364,118.1,119.30425357512979,-1.2043,False
2024-02-16,22040.69921875,21850.0,13,0.03561643835616438,0.14660917100623405,0.146609,381.45,379.47722281418083,1.9728,132.15,138.2522653277381,-6.1023,False
2024-02-16,22040.69921875,21900.0,13,0.03561643835616438,0.14353795974681935,0.143538,345.0,344.69944896217413,0.3006,148.4,153.358871936286,-4.9589,False
2024-02-16,22040.69921875,21950.0,13,0.03561643835616438,0.14545079065699068,0.145451,317.9,317.70959642361987,0.1904,166.3,176.25339985829362,-9.9534,False
2024-02-16,22040.69921875,22000.0,13,0.03561643835616438,0.14303223864888806,0.143032,285.45,283.72279213522467,1.7272,184.95,192.15097603046124,-7.201,False
2024-02-16,22040.69921875,22050.0,13,0.03561643835616438,0.14164260707844786,0.141643,256.25,252.6916151810421,3.5584,205.6,211.00417953683456,-5.4042,True
2024-02-16,22040.69921875,22100.0,13,0.03561643835616438,0.1407941804317687,0.140794,229.6,228.69911618046922,0.9009,227.05,236.89606099681708,-9.8461,False
2024-02-16,22040.69921875,22150.0,13,0.03561643835616438,0.13910310828215586,0.139103,203.25,203.34075767511095,-0.0908,252.9,261.42208295202255,-8.5221,False
2024-02-16,22040.69921875,22200.0,13,0.03561643835616438,0.13738662675217395,0.137387,178.6,177.99291987299733,0.6071,277.85,285.9586256104585,-8.1086,False
2024-02-16,22040.69921875,22250.0,13,0.03561643835616438,0.13546434064802348,0.135464,155.4,152.36480511082527,3.0352,307.0,310.21489130884237,-3.2149,False
2024-02-16,22040.69921875,22300.0,13,0.03561643835616438,0.13468399500739522,0.134684,135.8,134.22771400776685,1.5723,334.7,341.9621806663432,-7.2622,False
2024-02-19,22122.25,21850.0,10,0.0273972602739726,0.16272903315606912,0.162729,423.5,422.6164354071848,0.8836,102.0,111.49010268978685,-9.4901,False
2024-02-19,22122.25,21900.0,10,0.0273972602739726,0.16263558083611981,0.162636,389.4,385.9711506136876,3.4288,115.45,124.75585603652584,-9.3059,False
2024-02-19,22122.25,21950.0,10,0.0273972602739726,0.15888531967470043,0.158885,351.85,350.66611336742506,1.1839,129.85,139.36185693049663,-9.5119,False
2024-02-19,22122.25,22000.0,10,0.0273972602739726,0.15702784506296488,0.157028,318.25,318.2001482029778,0.0499,145.95,156.80692990627816,-10.8569,False
2024-02-19,22122.25,22050.0,10,0.0273972602739726,0.15615164904043397,0.156152,287.6,287.01098814147036,0.589,165.05,175.5288079850126,-10.4788,False
2024-02-19,22122.25,22100.0,10,0.0273972602739726,0.15401918682707902,0.154019,256.8,253.91048526279369,2.8895,184.5,192.33934324656695,-7.8393,True
2024-02-19,22122.25,22150.0,10,0.0273972602739726,0.1530225274238911,0.153023,229.35,226.81744947005575,2.5326,206.15,215.1573455940657,-9.0073,False
2024-02-19,22122.25,22200.0,10,0.0273972602739726,0.1504044893777415,0.150404,201.3,200.9322768462901,0.3677,229.7,239.18321111052776,-9.4832,False
2024-02-19,22122.25,22250.0,10,0.0273972602739726,0.1493203625771524,0.14932,177.3,177.35501348546092,-0.055,252.2,265.5169858899383,-13.317,False
2024-02-19,22122.25,22300.0,10,0.0273972602739726,0.1468087962992749,0.146809,153.1,151.7870281250289,1.313,279.55,289.86003866974505,-10.31,False
2024-02-19,22122.25,22350.0,10,0.0273972602739726,0.14561376144367855,0.145614,132.65,128.84655828601626,3.8034,306.35,316.83060697095993,-10.4806,False
2024-02-20,22196.94921875,21950.0,9,0.024657534246575342,0.14648646767772444,0.146486,373.95,371.695351072791,2.2546,105.5,89.59417258234981,15.9058,False
2024-02-20,22196.94921875,22000.0,9,0.024657534246575342,0.14377427022263364,0.143774,336.15,333.580364865347,2.5696,119.4,101.39911357368705,18.0009,False
2024-02-20,22196.94921875,22050.0,9,0.024657534246575342,0.14376819296617513,0.143768,303.35,302.9384550214689,0.4115,136.15,120.67713092857139,15.4729,False
2024-02-20,22196.94921875,22100.0,9,0.024657534246575342,0.1421350740119814,0.142135,270.25,270.1168115935076,0.1332,156.25,137.7754146993785,18.4746,False
2024-02-20,22196.94921875,22150.0,9,0.024657534246575342,0.14168528946859946,0.141685,240.6,238.78702510890793,1.813,176.0,156.365555413554,19.6344,False
2024-02-20,22196.94921875,22200.0,9,0.024657534246575342,0.14186854644604346,0.141869,213.8,208.88308081744003,4.9169,196.6,176.38153832084834,20.2185,True
2024-02-20,22196.94921875,22250.0,9,0.024657534246575342,0.14096363888301433,0.140964,187.5,186.08116720524234,1.4188,217.65,203.4995519074219,14.1504,False
2024-02-20,22196.94921875,22300.0,9,0.024657534246575342,0.13942497958990882,0.139425,162.35,162.4495800161988,-0.0996,243.1,229.7878919171493,13.3121,False
2024-02-20,22196.94921875,22350.0,9,0.024657534246575342,0.13787081772584422,0.137871,139.25,138.8744819895492,0.3755,271.15,256.1327210892645,15.0173,False
2024-02-20,22196.94921875,22400.0,9,0.024657534246575342,0.13727394709402932,0.137274,119.5,116.6476709317957,2.8523,301.05,283.8258372302822,17.2242,False
2024-02-20,22196.94921875,22450.0,9,0.024657534246575342,0.13597303876324254,0.135973,100.85,98.62343868677506,2.2266,330.45,315.72153218402747,14.7285,False
2024-02-21,22055.05078125,21800.0,8,0.021917808219178082,0.15029440386696488,0.150294,370.1,368.3778503703325,1.7221,89.5,82.29164754652669,7.2084,False
2024-02-21,22055.05078125,21850.0,8,0.021917808219178082,0.13942929340771157,0.139429,322.75,319.41896993857995,3.331,102.55,83.26158495521253,19.2884,False
2024-02-21,22055.05078125,21900.0,8,0.021917808219178082,0.1387870725589847,0.138787,288.25,287.583662874993,0.6663,119.4,101.35509573204857,18.0449,False
2024-02-21,22055.05078125,21950.0,8,0.021917808219178082,0.13945981507940083,0.13946,257.35,257.31736549751827,0.0326,136.7,121.01761619499729,15.6824,False
2024-02-21,22055.05078125,22000.0,8,0.021917808219178082,0.1376943556720396,0.137694,225.5,223.9701364957513,1.5299,156.3,137.59920503366533,18.7008,False
2024-02-21,22055.05078125,22050.0,8,0.021917808219178082,0.1391419716805158,0.139142,199.9,194.75438564539047,5.1456,176.4,158.3122720237302,18.0877,True
2024-02-21,22055.05078125,22100.0,8,0.021917808219178082,0.138537412244463,0.138537,173.85,171.85785825557522,1.9921,200.25,185.3445624743389,14.9054,False
2024-02-21,22055.05078125,22150.0,8,0.021917808219178082,0.13820643577965688,0.138206,150.35,150.35925119845348,-0.0093,224.75,213.77477325763863,10.9752,False
2024-02-21,22055.05078125,22200.0,8,0.021917808219178082,0.13666372635491103,0.136664,127.5,127.3535511268704,0.1464,253.2,240.69789102649318,12.5021,False
2024-02-21,22055.05078125,22250.0,8,0.021917808219178082,0.13602423770055386,0.136024,108.0,105.55001465338307,2.45,282.15,268.8231723934308,13.3268,False
2024-02-21,22055.05078125,22300.0,8,0.021917808219178082,0.1335976850220112,0.133598,88.55,85.79721906900053,2.7528,319.75,298.99919464947396,20.7508,False
2024-02-22,22217.44921875,21950.0,7,0.019178082191780823,0.141938376713581,0.141938,358.95,357.72838108735243,1.2216,65.05,62.93388108796347,2.1161,False
2024-02-22,22217.44921875,22000.0,7,0.019178082191780823,0.13748092397839431,0.137481,317.9,313.5267814914388,4.3732,76.65,68.6699915575381,7.98,False
2024-02-22,22217.44921875,22050.0,7,0.019178082191780823,0.13574889311229765,0.135749,281.25,280.1510408033805,1.099,90.75,85.23196093496855,5.518,False
2024-02-22,22217.44921875,22100.0,7,0.019178082191780823,0.13601709208317025,0.136017,248.85,248.8882648542132,-0.0383,106.4,103.90689505129242,2.4931,False
2024-02-22,22217.44921875,22150.0,7,0.019178082191780823,0.13256787094552835,0.132568,214.3,213.1789982252878,1.121,125.5,118.13533848786149,7.3647,False
2024-02-22,22217.44921875,22200.0,7,0.019178082191780823,0.13346880488898447,0.133469,187.2,182.56513344430857,4.6349,144.4,137.45918377236947,6.9408,True
2024-02-22,22217.44921875,22250.0,7,0.019178082191780823,0.13449664619339194,0.134497,162.7,159.49104544448136,3.209,163.9,164.32280583803384,-0.4228,False
2024-02-22,22217.44921875,22300.0,7,0.019178082191780823,0.13289791540945542,0.132898,137.4,137.06748796648432,0.3325,189.8,191.83695842552748,-2.037,False
2024-02-22,22217.44921875,22350.0,7,0.019178082191780823,0.13011473476772925,0.130115,113.15,113.36599043371287,-0.216,217.4,218.07317095824988,-0.6732,False
2024-02-22,22217.44921875,22400.0,7,0.019178082191780823,0.12926503647241916,0.129265,93.7,92.09030232377572,1.6097,246.2,246.73519291380427,-0.5352,False
2024-02-22,22217.44921875,22450.0,7,0.019178082191780823,0.12791868801570544,0.127919,76.1,71.98473294012243,4.1153,284.6,276.56733359564214,8.0327,False
2024-02-23,22212.69921875,21950.0,13,0.03561643835616438,0.1563874181164313,0.156387,445.95,444.71066699670723,1.2393,102.95,131.25447043138513,-28.3045,False
2024-02-23,22212.69921875,22000.0,13,0.03561643835616438,0.15766542386520918,0.157665,414.7,411.75812756990956,2.9419,115.5,148.18631146514258,-32.6863,False
2024-02-23,22212.69921875,22050.0,13,0.03561643835616438,0.15457796409130864,0.154578,378.1,377.3222802550223,0.7777,131.1,163.63484461080816,-32.5348,False
2024-02-23,22212.69921875,22100.0,13,0.03561643835616438,0.152935836383762,0.152936,345.05,345.0127298573877,0.0373,145.4,181.20967467373302,-35.8097,False
2024-02-23,22212.69921875,22150.0,13,0.03561643835616438,0.15281434582903325,0.152814,315.9,315.0935842111556,0.8064,163.85,201.1749094880578,-37.3249,False
2024-02-23,22212.69921875,22200.0,13,0.03561643835616438,0.14870173009365167,0.148702,281.65,278.4478030164677,3.2022,183.05,214.41350875392936,-31.3635,True
2024-02-23,22212.69921875,22250.0,13,0.03561643835616438,0.1464049927197792,0.146405,251.9,250.0773308086974,1.8227,202.7,235.92741700671627,-33.2274,False
2024-02-23,22212.69921875,22300.0,13,0.03561643835616438,0.14447037264559529,0.14447,224.35,224.19974653107934,0.1503,225.7,259.934213189654,-34.2342,False
2024-02-23,22212.69921875,22350.0,13,0.03561643835616438,0.14183881222426414,0.141839,197.3,197.22176953339175,0.0782,247.9,282.84061665252574,-34.9406,False
2024-02-23,22212.69921875,22400.0,13,0.03561643835616438,0.14083639606712395,0.140836,174.65,172.99378169673008,1.6562,274.05,308.49700927642346,-34.447,False
2024-02-23,22212.69921875,22450.0,13,0.03561643835616438,0.13871842490890304,0.138718,151.9,148.90257113777744,2.9974,298.45,334.29017917802645,-35.8402,False
2024-02-26,22122.05078125,21850.0,10,0.0273972602739726,0.19121847561233662,0.191218,460.1,459.2962948431176,0.8037,90.05,148.36918087571306,-58.3192,False
2024-02-26,22122.05078125,21900.0,10,0.0273972602739726,0.18827757371089782,0.188278,423.5,420.4444662761408,3.0555,102.2,159.42839044896837,-57.2284,False
2024-02-26,22122.05078125,21950.0,10,0.0273972602739726,0.18429395670817492,0.184294,386.6,385.5470960156962,1.0529,116.5,174.44205832876347,-57.9421,False
2024-02-26,22122.05078125,22000.0,10,0.0273972602739726,0.1817879362128117,0.181788,352.95,352.9028383705543,0.0472,130.55,191.70883882385618,-61.1588,False
2024-02-26,22122.05078125,22050.0,10,0.0273972602739726,0.17731089496915922,0.177311,317.8,317.29041952569946,0.5096,147.7,206.00745811924088,-58.3075,False
2024-02-26,22122.05078125,22100.0,10,0.0273972602739726,0.17456299542916473,0.174563,286.5,283.96731682057515,2.5327,165.5,222.59539355434458,-57.0954,True
2024-02-26,22122.05078125,22150.0,10,0.0273972602739726,0.17209926259502667,0.172099,257.1,254.87771777689818,2.2223,186.0,243.41683265090242,-57.4168,False
2024-02-26,22122.05078125,22200.0,10,0.0273972602739726,0.16832728042073292,0.168327,227.35,227.02458937517468,0.3254,206.65,265.4747423894171,-58.8247,False
2024-02-26,22122.05078125,22250.0,10,0.0273972602739726,0.16617933834934734,0.166179,201.6,201.6233095392179,-0.0233,230.7,289.98450069369704,-59.2845,False
2024-02-26,22122.05078125,22300.0,10,0.0273972602739726,0.1627537213001583,0.162754,175.7,174.45478968621777,1.2452,254.9,312.7270189809302,-57.827,False
2024-02-26,22122.05078125,22350.0,10,0.0273972602739726,0.16116449732132931,0.161164,154.15,150.6409667193953,3.509,282.9,338.824234154342,-55.9242,False
2024-02-27,22198.349609375,21950.0,9,0.024657534246575342,0.17900917728789711,0.179009,414.5,412.60425531732415,1.8957,92.25,129.10268620189407,-36.8527,False
2024-02-27,22198.349609375,22000.0,9,0.024657534246575342,0.17236889808033035,0.172369,373.2,370.8610322974619,2.339,104.8,137.27939038079472,-32.4794,False
2024-02-27,22198.349609375,22050.0,9,0.024657534246575342,0.17025814537366907,0.170258,338.9,338.4831999264485,0.4168,119.55,154.82148520855407,-35.2715,False
2024-02-27,22198.349609375,22100.0,9,0.024657534246575342,0.16795040091243527,0.16795,305.8,305.7104392468871,0.0896,135.2,171.9686517277588,-36.7687,False
2024-02-27,22198.349609375,22150.0,9,0.024657534246575342,0.1648114270591662,0.164811,273.1,271.64202983829966,1.458,153.15,187.82016951793622,-34.6702,False
2024-02-27,22198.349609375,22200.0,9,0.024657534246575342,0.16203031364214943,0.16203,242.5,238.13552228094403,4.3645,171.35,204.23358915935512,-32.8836,True
2024-02-27,22198.349609375,22250.0,9,0.024657534246575342,0.15791080882740843,0.157911,211.75,210.43477991564464,1.3152,193.45,226.45277399282446,-33.0028,False
2024-02-27,22198.349609375,22300.0,9,0.024657534246575342,0.1559106376247384,0.155911,185.75,185.80698393782592,-0.057,215.75,251.74490521377487,-35.9949,False
2024-02-27,22198.349609375,22350.0,9,0.024657534246575342,0.15386480405550626,0.153865,161.55,161.1918128966896,0.3582,240.45,277.04966137140605,-36.5997,False
2024-02-27,22198.349609375,22400.0,9,0.024657534246575342,0.15155403423499106,0.151554,138.9,136.30233430256877,2.5977,269.35,302.0801099760504,-32.7301,False
2024-02-27,22198.349609375,22450.0,9,0.024657534246575342,0.1482698741066722,0.14827,116.95,114.7160293738095,2.234,296.8,330.41373224606525,-33.6137,False
2024-02-28,21951.150390625,21700.0,8,0.021917808219178082,0.17350136574973332,0.173501,392.25,390.53945869237737,1.7105,93.35,108.49601081272156,-15.146,False
2024-02-28,21951.150390625,21750.0,8,0.021917808219178082,0.16782957178613678,0.16783,352.0,349.23840924193894,2.7616,109.85,117.12377920271743,-7.2738,False
2024-02-28,21951.150390625,21800.0,8,0.021917808219178082,0.16725762003933597,0.167258,319.15,318.6149276508979,0.5351,124.35,136.42911545210717,-12.0791,False
2024-02-28,21951.150390625,21850.0,8,0.021917808219178082,0.16404965922198636,0.16405,284.7,284.64752179588083,0.0525,142.95,152.39052743751103,-9.4405,False
2024-02-28,21951.150390625,21900.0,8,0.021917808219178082,0.16519720663242485,0.165197,257.45,256.07162055319793,1.3784,161.3,173.74344403525788,-12.4434,False
2024-02-28,21951.150390625,21950.0,8,0.021917808219178082,0.16357206908158226,0.163572,228.5,223.90747602585034,4.5925,184.0,191.50811734833312,-7.5081,True
2024-02-28,21951.150390625,22000.0,8,0.021917808219178082,0.1625707044253218,0.162571,202.2,200.75068450204736,1.4493,203.4,218.28014366496132,-14.8801,False
2024-02-28,21951.150390625,22050.0,8,0.021917808219178082,0.162320386792534,0.16232,178.75,178.79081545980543,-0.0408,226.65,246.2490924631491,-19.5991,False
2024-02-28,21951.150390625,22100.0,8,0.021917808219178082,0.1600452260793432,0.160045,154.6,154.27655680965844,0.3234,253.75,271.66365165342125,-17.9137,False
2024-02-28,21951.150390625,22150.0,8,0.021917808219178082,0.15929459429694032,0.159295,134.3,131.7545760088523,2.5454,286.05,299.0704886930407,-13.0205,False
2024-02-28,21951.150390625,22200.0,8,0.021917808219178082,0.1576571993152019,0.157657,114.8,112.59209747135742,2.2079,313.15,329.83682799597875,-16.6868,False
2024-02-29,21982.80078125,21750.0,7,0.019178082191780823,0.1943740324404467,0.194374,387.15,384.49316364013913,2.6568,56.65,124.59626087878213,-67.9463,False
2024-02-29,21982.80078125,21800.0,7,0.019178082191780823,0.18296760326568773,0.182968,341.8,340.09161656676264,1.7084,71.75,130.1324238708931,-58.3824,False
2024-02-29,21982.80078125,21850.0,7,0.019178082191780823,0.17956271265449905,0.179563,306.6,306.45771098161146,0.1423,84.85,146.43622835123574,-61.5862,False
2024-02-29,21982.80078125,21900.0,7,0.019178082191780823,0.17616092423236587,0.176161,272.95,272.6267340392141,0.3233,99.9,162.54296147432905,-62.643,False
2024-02-29,21982.80078125,21950.0,7,0.019178082191780823,0.1675137916068615,0.167514,234.65,232.1808184554369,2.4692,117.15,172.0347559560418,-54.8848,False
2024-02-29,21982.80078125,22000.0,7,0.019178082191780823,0.17069547619587278,0.170695,212.4,208.96355476619016,3.4364,130.65,198.75520233229085,-68.1052,True
2024-02-29,21982.80078125,22050.0,7,0.019178082191780823,0.16765760219584502,0.167658,184.55,183.8334279149629,0.7166,147.6,223.56278554655233,-75.9628,False
2024-02-29,21982.80078125,22100.0,7,0.019178082191780823,0.16329635417632155,0.163296,157.1,157.2447470567712,-0.1447,169.7,246.9118147538545,-77.2118,False
2024-02-29,21982.80078125,22150.0,7,0.019178082191780823,0.15911763043393812,0.159118,132.0,131.06857503331605,0.9314,195.95,270.67335279588445,-74.7234,False
2024-02-29,21982.80078125,22200.0,7,0.019178082191780823,0.1549501451856105,0.15495,109.15,105.11176761551633,4.0382,224.25,294.65425544357583,-70.4043,False
2024-02-29,21982.80078125,22250.0,7,0.019178082191780823,0.15066732931351134,0.150667,88.5,87.31601596657164,1.184,253.45,326.79621386012764,-73.3462,False
2024-03-01,22338.75,22100.0,13,0.03561643835616438,0.14406776144803932,0.144068,412.9,410.33436450433965,2.5656,125.75,120.4805280706893,5.2695,False
2024-03-01,22338.75,22150.0,13,0.03561643835616438,0.1420622368041323,0.142062,376.65,374.8224355346411,1.8276,141.2,134.8529795615433,6.347,False
2024-03-01,22338.75,22200.0,13,0.03561643835616438,0.14248109903255196,0.142481,345.6,345.3594822683429,0.2405,156.95,155.27440675580408,1.6756,False
2024-03-01,22338.75,22250.0,13,0.03561643835616438,0.1403685287908419,0.140369,312.05,311.7969106347472,0.2531,174.95,171.59621558276123,3.3538,False
2024-03-01,22338.75,22300.0,13,0.03561643835616438,0.1391891976252821,0.139189,281.55,279.6211367348537,1.9289,193.85,189.30482214343144,4.5452,False
2024-03-01,22338.75,22350.0,13,0.03561643835616438,0.1375471204165979,0.137547,251.9,248.3076332582344,3.5924,214.45,207.87569912737257,6.5743,True
2024-03-01,22338.75,22400.0,13,0.03561643835616438,0.13657542679867057,0.136575,225.05,224.1492917178893,0.9007,236.7,233.60173804758216,3.0983,False
2024-03-01,22338.75,22450.0,13,0.03561643835616438,0.13430649668555758,0.134306,197.75,197.8518644950426,-0.1019,261.0,257.188691285295,3.8113,False
2024-03-01,22338.75,22500.0,13,0.03561643835616438,0.1339429483745033,0.133943,175.4,174.78578579339688,0.6142,285.4,284.0069930442055,1.393,False
2024-03-01,22338.75,22550.0,13,0.03561643835616438,0.13186415459024614,0.131864,152.0,148.92042363420268,3.0796,314.6,308.02601134556676,6.574,False
2024-03-01,22338.75,22600.0,13,0.03561643835616438,0.13044483681180855,0.130445,131.5,129.79544819068443,1.7046,345.0,338.7854163626062,6.2146,False
2024-03-04,22405.599609375,22150.0,10,0.0273972602739726,0.13375286927580446,0.133753,378.3,376.33455436892956,1.9654,100.65,81.3248411179372,19.3252,False
2024-03-04,22405.599609375,22200.0,10,0.0273972602739726,0.1358986614774703,0.135899,345.95,342.91367757197537,3.0363,113.6,97.81500246122312,15.785,False
2024-03-04,22405.599609375,22250.0,10,0.0273972602739726,0.13249892812790795,0.132499,308.1,307.47087561152523,0.6291,130.4,112.28323864099877,18.1168,False
2024-03-04,22405.599609375,22300.0,10,0.0273972602739726,0.13291294156034061,0.132913,277.15,277.08592917372937,0.0641,147.35,131.80933034344662,15.5407,False
2024-03-04,22405.599609375,22350.0,10,0.0273972602739726,0.1310599817573672,0.13106,244.9,243.42757550987557,1.4724,166.95,148.06201481982347,18.888,False
2024-03-04,22405.599609375,22400.0,10,0.0273972602739726,0.13005383451699964,0.130054,215.8,210.8619083686169,4.9381,186.55,165.40738581879967,21.1426,True
2024-03-04,22405.599609375,22450.0,10,0.0273972602739726,0.12859231464312595,0.128592,188.05,186.03289255244107,2.0171,209.95,190.48940814285766,19.4606,False
2024-03-04,22405.599609375,22500.0,10,0.0273972602739726,0.12660013679973098,0.1266,161.6,161.56855205433857,0.0314,233.5,215.93610578499056,17.5639,False
2024-03-04,22405.599609375,22550.0,10,0.0273972602739726,0.12522415046288965,0.125224,138.2,138.10400168084632,0.096,261.3,242.38259355173346,18.9174,False
2024-03-04,22405.599609375,22600.0,10,0.0273972602739726,0.12487195587686836,0.124872,118.4,116.16521235827737,2.2348,290.1,270.3548423694022,19.7452,False
2024-03-04,22405.599609375,22650.0,10,0.0273972602739726,0.1244141035848871,0.124414,100.5,97.39769044298379,3.1023,320.2,301.49835859434484,18.7016,False
2024-03-05,22356.30078125,22100.0,9,0.024657534246575342,0.1221040039677101,0.122104,354.1,352.1086449727833,1.9914,73.8,60.415685578654546,13.3843,False
2024-03-05,22356.30078125,22150.0,9,0.024657534246575342,0.1212135859979952,0.121214,316.55,313.15849583374904,3.3915,87.8,71.38546363838832,16.4145,False
2024-03-05,22356.30078125,22200.0,9,0.024657534246575342,0.12026449755987857,0.120264,280.8,280.1440380637101,0.656,101.05,88.29093306711928,12.7591,False
2024-03-05,22356.30078125,22250.0,9,0.024657534246575342,0.12009862079573094,0.120099,248.1,248.04487617482226,0.0551,117.75,106.11169837700325,11.6383,False
2024-03-05,22356.30078125,22300.0,9,0.024657534246575342,0.11969217934494908,0.119692,217.3,215.58961892262727,1.7104,137.55,123.57636832357653,13.9736,False
2024-03-05,22356.30078125,22350.0,9,0.024657534246575342,0.11936380047444754,0.119364,188.9,183.19598127443666,5.704,159.3,141.10265787415167,18.1973,True
2024-03-05,22356.30078125,22400.0,9,0.024657534246575342,0.11860523451812598,0.118605,162.25,159.85398340176755,2.396,181.9,167.680587200254,14.2194,False
2024-03-05,22356.30078125,22450.0,9,0.024657534246575342,0.11710093123119299,0.117101,136.95,136.93202027368767,0.018,207.55,194.67855127094785,12.8714,False
2024-03-05,22356.30078125,22500.0,9,0.024657534246575342,0.11677717183923274,0.116777,115.7,115.71753835240374,-0.0175,235.65,223.38399654842283,12.266,False
2024-03-05,22356.30078125,22550.0,9,0.024657534246575342,0.1152263802365292,0.115226,95.2,92.92797826388407,2.272,264.35,250.51436365867337,13.8356,False
2024-03-05,22356.30078125,22600.0,9,0.024657534246575342,0.11518133242511062,0.115181,79.0,75.76388295840954,3.2361,298.3,283.2701955519741,15.0298,False
2024-03-06,22474.05078125,22200.0,8,0.021917808219178082,0.15108047154098056,0.15108,388.2,387.14219824314796,1.0578,54.1,81.48653814277476,-27.3865,False
2024-03-06,22474.05078125,22250.0,8,0.021917808219178082,0.1485703369120335,0.14857,349.9,345.73628633769613,4.1637,64.95,90.00944407774423,-25.0594,False
2024-03-06,22474.05078125,22300.0,8,0.021917808219178082,0.14391378273550004,0.143914,310.5,309.200354985,1.2996,76.55,103.4023305654756,-26.8523,False
2024-03-06,22474.05078125,22350.0,8,0.021917808219178082,0.14087132617336912,0.140871,274.55,274.5343606196644,0.0156,90.9,118.66515404056199,-27.7652,False
2024-03-06,22474.05078125,22400.0,8,0.021917808219178082,0.13898732979053055,0.138987,241.85,241.0896800512069,0.7603,106.55,135.149291312541,-28.5993,False
2024-03-06,22474.05078125,22450.0,8,0.021917808219178082,0.136051589191125,0.136052,209.75,206.04424349125472,3.7058,124.7,150.03267259301072,-25.3327,True
2024-03-06,22474.05078125,22500.0,8,0.021917808219178082,0.13328582979489306,0.133286,179.95,176.3643242744451,3.5857,144.35,170.28157121662957,-25.9316,False
2024-03-06,22474.05078125,22550.0,8,0.021917808219178082,0.13076798462626735,0.130768,152.7,152.11159811033002,0.5884,167.35,195.95766289293445,-28.6077,False
2024-03-06,22474.05078125,22600.0,8,0.021917808219178082,0.12849245239653,0.128492,128.1,128.34063931946037,-0.2406,191.8,222.11552194250172,-30.3155,False
2024-03-06,22474.05078125,22650.0,8,0.021917808219178082,0.1250217865341264,0.125022,104.4,103.23941060866798,1.1606,220.1,246.94311107213244,-26.8431,False
2024-03-06,22474.05078125,22700.0,8,0.021917808219178082,0.12269225210189458,0.122692,84.65,79.79567669197169,4.8543,249.55,273.4281949958622,-23.8782,False
2024-03-07,22493.55078125,22250.0,7,0.019178082191780823,0.08438904996883274,0.084389,291.5,289.19762093316876,2.3024,46.0,17.927818826724288,28.0722,False
2024-03-07,22493.55078125,22300.0,7,0.019178082191780823,0.08820695865288627,0.088207,253.65,251.82435000738195,1.8256,57.15,30.492257966427246,26.6577,False
2024-03-07,22493.55078125,22350.0,7,0.019178082191780823,0.0855581134408679,0.085558,212.95,213.38420487607675,-0.4342,70.25,41.98982290061656,28.2602,False
2024-03-07,22493.55078125,22400.0,7,0.019178082191780823,0.09068098150337882,0.090681,183.4,182.94345082614356,0.4565,86.5,61.48677891616848,25.0132,False
2024-03-07,22493.55078125,22450.0,7,0.019178082191780823,0.09212152941300009,0.092122,153.6,149.27570150389298,4.3243,106.35,77.75673965940709,28.5933,False
2024-03-07,22493.55078125,22500.0,7,0.019178082191780823,0.09229167853765745,0.092292,125.75,116.44857667416989,9.3014,129.0,94.86732489517684,34.1327,True
2024-03-07,22493.55078125,22550.0,7,0.019178082191780823,0.09318671037486832,0.093187,102.25,99.6871303458449,2.5629,153.5,128.04358863234432,25.4564,False
2024-03-07,22493.55078125,22600.0,7,0.019178082191780823,0.0929054130930891,0.092905,80.7,81.36793757219262,-0.6679,182.25,159.66210592418483,22.5879,False
2024-03-07,22493.55078125,22650.0,7,0.019178082191780823,0.0916758493674028,0.091676,61.4,62.08544737088424,-0.6854,214.65,190.31732578836284,24.3327,False
2024-03-07,22493.55078125,22700.0,7,0.019178082191780823,0.09177922027739482,0.091779,46.8,44.34640202486727,2.4536,249.6,222.5159905078422,27.084,False
2024-03-07,22493.55078125,22750.0,7,0.019178082191780823,0.0909367877380518,0.090937,34.15,32.660565087838236,1.4894,286.25,260.76786363630424,25.4821,False
2024-03-11,22332.650390625,22100.0,10,0.0273972602739726,0.14280493280840464,0.142805,372.8,369.5739657402173,3.226,88.75,97.60243309899144,-8.8524,False
2024-03-11,22332.650390625,22150.0,10,0.0273972602739726,0.13852733092192085,0.138527,333.3,331.5906616957616,1.7093,102.15,109.5301671947702,-7.3802,False
2024-03-11,22332.650390625,22200.0,10,0.0273972602739726,0.14036466898065636,0.140365,303.6,303.46250095088226,0.1375,117.55,131.3130445901233,-13.763,False
2024-03-11,22332.650390625,22250.0,10,0.0273972602739726,0.13712702652814251,0.137127,268.65,268.2239493208603,0.4261,135.0,145.98553110033447,-10.9855,False
2024-03-11,22332.650390625,22300.0,10,0.0273972602739726,0.13831991280008177,0.13832,241.85,239.2436385264038,2.6064,154.65,166.91625844611644,-12.2663,False
2024-03-11,22332.650390625,22350.0,10,0.0273972602739726,0.13612767081469299,0.136128,212.05,208.35552289260087,3.6945,170.25,185.93918095254736,-15.6892,True
2024-03-11,22332.650390625,22400.0,10,0.0273972602739726,0.13597906445248595,0.135979,187.2,186.4122821959822,0.7877,194.6,213.9069783961678,-19.307,False
2024-03-11,22332.650390625,22450.0,10,0.0273972602739726,0.13550800155756035,0.135508,163.85,164.00703063070173,-0.157,222.25,241.41276497111417,-19.1628,False
2024-03-11,22332.650390625,22500.0,10,0.0273972602739726,0.13313751088685694,0.133138,139.75,138.90521821124278,0.8448,247.9,266.22199069189037,-18.322,False
2024-03-11,22332.650390625,22550.0,10,0.0273972602739726,0.13184401654470526,0.131844,119.25,115.43487945736716,3.8151,278.45,292.6626900782492,-14.2127,False
2024-03-11,22332.650390625,22600.0,10,0.0273972602739726,0.12989852040325736,0.129899,99.9,98.48030451157592,1.4197,308.2,325.6191532726947,-17.4192,False
2024-03-12,22335.69921875,22100.0,9,0.024657534246575342,0.1574210477109823,0.157421,380.65,377.7196124365863,2.9304,71.15,106.62821554246129,-35.4782,False
2024-03-12,22335.69921875,22150.0,9,0.024657534246575342,0.15529314008568057,0.155293,344.55,342.76305803044943,1.7869,83.35,121.59158833508913,-38.2416,False
2024-03-12,22335.69921875,22200.0,9,0.024657534246575342,0.15165513022037938,0.151655,307.95,307.77855954622163,0.1714,96.7,136.52701704963118,-39.827,False
2024-03-12,22335.69921875,22250.0,9,0.024657534246575342,0.15029824231775246,0.150298,275.95,275.62429027447234,0.3257,111.7,154.2926749766463,-42.5927,False
2024-03-12,22335.69921875,22300.0,9,0.024657534246575342,0.14582178789182,0.145822,241.4,238.98852858156607,2.4115,128.65,167.57684048251602,-38.9268,False
2024-03-12,22335.69921875,22350.0,9,0.024657534246575342,0.1429163268560242,0.142916,210.8,206.84723497467832,3.9528,149.7,185.35547407439805,-35.6555,True
2024-03-12,22335.69921875,22400.0,9,0.024657534246575342,0.1403042824574571,0.140304,182.55,181.61951968512818,0.9305,169.75,210.0476859836142,-40.2977,False
2024-03-12,22335.69921875,22450.0,9,0.024657534246575342,0.1375863516176411,0.137586,156.2,156.3721176913267,-0.1721,194.75,234.72021118857955,-39.9702,False
2024-03-12,22335.69921875,22500.0,9,0.024657534246575342,0.13528225554246512,0.135282,132.55,131.8263761220053,0.7236,220.55,260.0943968180262,-39.5444,False
2024-03-12,22335.69921875,22550.0,9,0.024657534246575342,0.13257719456505232,0.132577,110.55,106.8788574965112,3.6711,248.3,285.0668053913037,-36.7668,False
2024-03-12,22335.69921875,22600.0,9,0.024657534246575342,0.13043410331284905,0.130434,91.5,89.8807151844337,1.6193,278.85,317.98859027799176,-39.1386,False
2024-03-13,21997.69921875,21750.0,8,0.021917808219178082,0.16663278165125095,0.166633,382.55,380.5815778723339,1.9684,79.65,101.91811970811267,-22.2681,False
2024-03-13,21997.69921875,21800.0,8,0.021917808219178082,0.1674561236224373,0.167456,349.75,347.21187689291486,2.5381,92.95,118.47723656911951,-25.5272,False
2024-03-13,21997.69921875,21850.0,8,0.021917808219178082,0.16119035467318515,0.16119,310.05,309.60509822839697,0.4449,104.85,130.79927574501824,-25.9493,False
2024-03-13,21997.69921875,21900.0,8,0.021917808219178082,0.1615556438119121,0.161556,280.0,279.90995906339526,0.09,122.4,151.03295442045513,-28.633,False
2024-03-13,21997.69921875,21950.0,8,0.021917808219178082,0.15952533959196585,0.159525,248.75,247.14045305611467,1.6095,143.3,168.1922662536036,-24.8923,False
2024-03-13,21997.69921875,22000.0,8,0.021917808219178082,0.15462511904518983,0.154625,215.6,210.80933144453616,4.7907,161.65,181.78996248244817,-20.14,True
2024-03-13,21997.69921875,22050.0,8,0.021917808219178082,0.154391834235367,0.154392,190.4,189.03006120981644,1.3699,183.05,209.9395100881577,-26.8895,False
2024-03-13,21997.69921875,22100.0,8,0.021917808219178082,0.15390747309361996,0.153907,166.85,166.9367531117485,-0.0868,207.15,237.77501983051468,-30.625,False
2024-03-13,21997.69921875,22150.0,8,0.021917808219178082,0.1509172356492334,0.150917,142.1,141.69984084909194,0.4002,230.65,262.46692540828303,-31.8169,False
2024-03-13,21997.69921875,22200.0,8,0.021917808219178082,0.14920848266022146,0.149208,121.05,118.19170152789926,2.8583,267.4,288.8876039275265,-21.4876,False
2024-03-13,21997.69921875,22250.0,8,0.021917808219178082,0.1486477554487511,0.148648,103.4,101.31763503532619,2.0824,292.65,321.9423552753791,-29.2924,False
2024-03-14,22146.650390625,21900.0,7,0.019178082191780823,0.17074717745512863,0.170747,372.7,370.5151279638415,2.1849,51.75,96.58174602396068,-44.8317,False
2024-03-14,22146.650390625,21950.0,7,0.019178082191780823,0.16584951352735283,0.16585,333.35,330.81034039059034,2.5397,61.55,106.81466851619837,-45.2647,False
2024-03-14,22146.650390625,22000.0,7,0.019178082191780823,0.16038709432563927,0.160387,294.7,294.30667750452494,0.3933,73.8,120.24871569562691,-46.4487,False
2024-03-14,22146.650390625,22050.0,7,0.019178082191780823,0.15646678519568588,0.156467,259.35,259.23308804985925,0.1169,87.55,135.11283630644556,-47.5628,False
2024-03-14,22146.650390625,22100.0,7,0.019178082191780823,0.15232417866235437,0.152324,225.5,223.57771649611922,1.9223,103.5,149.39517481819863,-45.8952,False
2024-03-14,22146.650390625,22150.0,7,0.019178082191780823,0.14827559213918196,0.148276,193.7,188.35920322572525,5.3408,121.05,164.11437161329428,-43.0644,True
2024-03-14,22146.650390625,22200.0,7,0.019178082191780823,0.14347508865771555,0.143475,163.1,161.5214407065091,1.5786,141.8,187.2143191595672,-45.4143,False
2024-03-14,22146.650390625,22250.0,7,0.019178082191780823,0.14035886541247708,0.140359,136.85,136.99914151159436,-0.1491,165.25,212.62973003014315,-47.3797,False
2024-03-14,22146.650390625,22300.0,7,0.019178082191780823,0.13740588966647485,0.137406,113.2,112.87218929583469,0.3278,190.45,238.44048787987833,-47.9905,False
2024-03-14,22146.650390625,22350.0,7,0.019178082191780823,0.13411607368446346,0.134116,91.65,88.5761680906208,3.0738,219.85,264.082176740158,-44.2322,False
2024-03-14,22146.650390625,22400.0,7,0.019178082191780823,0.13119115851918897,0.131191,73.05,70.82317892580426,2.2268,253.0,296.26689764083585,-43.2669,False
2024-03-15,22023.349609375,21750.0,13,0.03561643835616438,0.16475107755788732,0.164751,463.15,462.4003787319862,0.7496,80.9,138.75626969943735,-57.8563,False
2024-03-15,22023.349609375,21800.0,13,0.03561643835616438,0.16266018978620833,0.16266,426.85,423.9029175805455,2.9471,93.1,150.14318900855417,-57.0432,False
2024-03-15,22023.349609375,21850.0,13,0.03561643835616438,0.1560163416555646,0.156016,384.65,383.4872177748787,1.1628,105.0,159.6118696634357,-54.6119,False
2024-03-15,22023.349609375,21900.0,13,0.03561643835616438,0.1533133972866061,0.153313,349.65,349.57263327222176,0.0774,120.0,175.58166562134497,-55.5817,False
2024-03-15,22023.349609375,21950.0,13,0.03561643835616438,0.1537380955773936,0.153738,321.05,320.55893414613627,0.4911,135.35,196.45234695581445,-61.1023,False
2024-03-15,22023.349609375,22000.0,13,0.03561643835616438,0.1511155615427507,0.151116,289.0,286.5129715488412,2.487,151.95,212.29076481907487,-60.3408,True
2024-03-15,22023.349609375,22050.0,13,0.03561643835616438,0.14822902985340586,0.148229,258.0,255.6759382693116,2.3241,173.9,231.33811200010484,-57.4381,False
2024-03-15,22023.349609375,22100.0,13,0.03561643835616438,0.14710960330161307,0.14711,231.5,231.15158867653787,0.3484,192.3,256.69814286788085,-64.3981,False
2024-03-15,22023.349609375,22150.0,13,0.03561643835616438,0.144244429290631,0.144244,203.75,203.78017138457716,-0.0302,217.6,279.21110603648407,-61.6111,False
2024-03-15,22023.349609375,22200.0,13,0.03561643835616438,0.14342541529618577,0.143425,181.05,179.8290103546779,1.221,241.7,305.1443254671425,-63.4443,False
2024-03-15,22023.349609375,22250.0,13,0.03561643835616438,0.14056113775311743,0.140561,156.75,153.20965340182414,3.5403,269.75,328.4093489748344,-58.6593,False
2024-03-18,22055.69921875,21800.0,10,0.0273972602739726,0.1568503424279646,0.15685,403.9,402.3420236507654,1.558,81.05,107.85543404313518,-26.8054,False
2024-03-18,22055.69921875,21850.0,10,0.0273972602739726,0.1593157941323306,0.159316,373.35,370.47806059138617,2.8719,93.8,125.9025091239796,-32.1025,False
2024-03-18,22055.69921875,21900.0,10,0.0273972602739726,0.15802891185647935,0.158029,339.5,338.859891503997,0.6401,108.0,144.1953781768322,-36.1954,False
2024-03-18,22055.69921875,21950.0,10,0.0273972602739726,0.15528944634775335,0.155289,305.15,305.11058836890294,0.0394,122.7,160.3571131819707,-37.6571,False
2024-03-18,22055.69921875,22000.0,10,0.0273972602739726,0.15329423023240632,0.153294,273.4,272.23960132174454,1.1604,139.8,177.39716427505076,-37.5972,False
2024-03-18,22055.69921875,22050.0,10,0.0273972602739726,0.15132062798812607,0.151321,243.35,239.252425028248,4.0976,159.45,194.32102612178966,-34.871,True
2024-03-18,22055.69921875,22100.0,10,0.0273972602739726,0.14958791021522316,0.149588,215.4,213.75329037514086,1.6467,179.8,218.73292960891428,-38.9329,False
2024-03-18,22055.69921875,22150.0,10,0.0273972602739726,0.14577561803644026,0.145776,186.25,186.2271351018798,0.0229,206.25,241.11781247588706,-34.8678,False
2024-03-18,22055.69921875,22200.0,10,0.0273972602739726,0.1456000184685471,0.1456,164.25,164.0483041757562,0.2017,229.7,268.85001968999956,-39.15,False
2024-03-18,22055.69921875,22250.0,10,0.0273972602739726,0.1430473247102294,0.143047,140.75,138.52548403691895,2.2245,254.4,293.23823769139176,-38.8382,False
2024-03-18,22055.69921875,22300.0,10,0.0273972602739726,0.1419734348551437,0.141973,121.25,118.66350985328728,2.5865,285.6,323.2873016479974,-37.6873,False
2024-03-19,21817.44921875,21550.0,9,0.024657534246575342,0.16583834111555543,0.165838,407.55,406.6315829443951,0.9184,70.8,104.6709868638037,-33.871,False
2024-03-19,21817.44921875,21600.0,9,0.024657534246575342,0.16373815000182568,0.163738,370.85,367.22472580059656,3.6253,82.45,115.18405691878334,-32.7341,False
2024-03-19,21817.44921875,21650.0,9,0.024657534246575342,0.16056084799038803,0.160561,334.2,333.1004356664591,1.0996,96.65,130.9796939834108,-34.3297,False
2024-03-19,21817.44921875,21700.0,9,0.024657534246575342,0.15800200329495628,0.158002,299.8,299.7750515885906,0.0249,111.55,147.57423710430928,-36.0242,False
2024-03-19,21817.44921875,21750.0,9,0.024657534246575342,0.15562669785796848,0.155627,267.25,266.5156166001452,0.7344,128.3,164.23472931463613,-35.9347,False
2024-03-19,21817.44921875,21800.0,9,0.024657534246575342,0.1527196143930364,0.15272,235.7,232.34419972554613,3.3558,148.0,179.98323963880173,-31.9832,True
2024-03-19,21817.44921875,21850.0,9,0.024657534246575342,0.15064467049225994,0.150645,207.1,204.74045293898274,2.3595,168.6,202.29942005101043,-33.6994,False
2024-03-19,21817.44921875,21900.0,9,0.024657534246575342,0.14855781118269024,0.148558,180.4,180.16880445408793,0.2312,191.5,227.64769876488833,-36.1477,False
2024-03-19,21817.44921875,21950.0,9,0.024657534246575342,0.14722762759223934,0.147228,156.7,156.70091152103586,-0.0009,217.1,254.09973303059897,-36.9997,False
2024-03-19,21817.44921875,22000.0,9,0.024657534246575342,0.14568079454445293,0.145681,134.7,133.00482828456313,1.6952,244.7,280.3235769928992,-35.6236,False
2024-03-19,21817.44921875,22050.0,9,0.024657534246575342,0.14432905220459105,0.144329,114.95,111.67097303409935,3.279,274.85,308.9096489412028,-34.0596,False
2024-03-20,21839.099609375,21600.0,8,0.021917808219178082,0.1662856126104882,0.166286,374.7,372.3597010152544,2.3403,59.85,102.5093987047454,-42.6594,False
2024-03-20,21839.099609375,21650.0,8,0.021917808219178082,0.16255140789089065,0.162551,336.75,334.5935255380824,2.1565,70.35,114.67204106800064,-44.322,False
2024-03-20,21839.099609375,21700.0,8,0.021917808219178082,0.15744877230539667,0.157449,298.55,298.2785289858179,0.2715,83.65,128.28586235617115,-44.6359,False
2024-03-20,21839.099609375,21750.0,8,0.021917808219178082,0.15281262986470065,0.152813,262.4,262.18195605099106,0.218,99.55,142.1181072617697,-42.5681,False
2024-03-20,21839.099609375,21800.0,8,0.021917808219178082,0.15007459274177654,0.150075,230.35,228.17132620923488,2.1787,116.25,158.03629526043977,-41.7863,False
2024-03-20,21839.099609375,21850.0,8,0.021917808219178082,0.14785959923998926,0.14786,200.9,196.66983990997898,4.2302,135.35,176.46362680160942,-41.1136,True
2024-03-20,21839.099609375,21900.0,8,0.021917808219178082,0.14327809700297706,0.143278,170.45,169.41347710792837,1.0365,157.6,199.13608183998554,-41.5361,False
2024-03-20,21839.099609375,21950.0,8,0.021917808219178082,0.1423851108153134,0.142385,146.9,147.0774172253235,-0.1774,180.4,226.72883979781,-46.3288,False
2024-03-20,21839.099609375,22000.0,8,0.021917808219178082,0.13871080805924352,0.138711,122.05,121.33979872197642,0.7102,207.85,250.9200391348828,-43.07,False
2024-03-20,21839.099609375,22050.0,8,0.021917808219178082,0.1373033685057575,0.137303,102.3,98.56039863746369,3.7396,236.95,278.06945689079987,-41.1195,False
2024-03-20,21839.099609375,22100.0,8,0.021917808219178082,0.13435947090067507,0.134359,83.0,81.56859381221159,1.4314,265.85,311.0064699059782,-45.1565,False
2024-03-21,22011.94921875,21750.0,7,0.019178082191780823,0.17579067902018872,0.175791,387.45,386.17568602491747,1.2743,30.7,97.13034576356357,-66.4303,False
2024-03-21,22011.94921875,21800.0,7,0.019178082191780823,0.1688470004728644,0.168847,345.65,342.0615074011161,3.5885,38.8,102.95387720525044,-64.1539,False
2024-03-21,22011.94921875,21850.0,7,0.019178082191780823,0.1607692322345367,0.160769,303.7,302.8038791278884,0.8961,47.3,113.63395899751848,-66.334,False
2024-03-21,22011.94921875,21900.0,7,0.019178082191780823,0.15132230085275242,0.151322,261.4,261.41510949248254,-0.0151,59.1,122.18289942759932,-63.0829,False
2024-03-21,22011.94921875,21950.0,7,0.019178082191780823,0.14616461887552418,0.146165,225.6,224.41461882186752,1.1854,71.7,135.12011882247552,-63.4201,False
2024-03-21,22011.94921875,22000.0,7,0.019178082191780823,0.14016337964033382,0.140163,190.7,185.87837600865254,4.8216,88.0,146.5215860747516,-58.5216,True
2024-03-21,22011.94921875,22050.0,7,0.019178082191780823,0.13781667838643838,0.137817,162.4,159.75639730224066,2.6436,104.9,170.3373174338276,-65.4373,False
2024-03-21,22011.94921875,22100.0,7,0.019178082191780823,0.132544252755227,0.132544,132.95,132.81621672369795,0.1338,128.1,193.3348469207835,-65.2348,False
2024-03-21,22011.94921875,22150.0,7,0.019178082191780823,0.130471837254335,0.130472,109.9,110.0012297829654,-0.1012,150.75,220.45757004553417,-69.7076,False
2024-03-21,22011.94921875,22200.0,7,0.019178082191780823,0.12598983103104722,0.12599,86.7,84.65840349032855,2.0416,180.0,245.0524538183916,-65.0525,False
2024-03-21,22011.94921875,22250.0,7,0.019178082191780823,0.12203201275152253,0.122032,66.95,63.5778763356366,3.3721,210.3,273.9096367291867,-63.6096,False
2024-03-22,22096.75,21850.0,13,0.03561643835616438,0.1775404047060289,0.17754,465.65,463.98010589724765,1.6699,63.1,166.70436716081508,-103.6044,False
2024-03-22,22096.75,21900.0,13,0.03561643835616438,0.17147037517456504,0.17147,424.35,422.361730390705,1.9883,71.2,174.97037211482484,-103.7704,False
2024-03-22,22096.75,21950.0,13,0.03561643835616438,0.16660520989890956,0.166605,385.85,385.47800642998556,0.372,82.3,187.97102861466215,-105.671,False
2024-03-22,22096.75,22000.0,13,0.03561643835616438,0.16079956891031366,0.1608,346.9,346.79847979164504,0.1015,93.6,199.1758824368756,-105.5759,False
2024-03-22,22096.75,22050.0,13,0.03561643835616438,0.15557591505026133,0.155576,310.05,308.72097898008195,1.329,108.1,210.98276208587296,-102.8828,False
2024-03-22,22096.75,22100.0,13,0.03561643835616438,0.15103962786339706,0.15104,275.65,271.9094300878302,3.7406,121.55,224.05559365417537,-102.5056,True
2024-03-22,22096.75,22150.0,13,0.03561643835616438,0.1467914132406966,0.146791,243.2,242.10610233805778,1.0939,137.1,244.13664636495923,-107.0366,False
2024-03-22,22096.75,22200.0,13,0.03561643835616438,0.14199495643839474,0.141995,211.45,211.50502837585776,-0.055,157.55,263.41995286332076,-105.87,False
2024-03-22,22096.75,22250.0,13,0.03561643835616438,0.13752391242028,0.137524,182.0,181.5774808751603,0.4225,179.6,283.37678582318085,-103.7768,False
2024-03-22,22096.75,22300.0,13,0.03561643835616438,0.13447715902489887,0.134477,156.75,154.1092679837692,2.6407,199.3,305.79295339234824,-106.493,False
2024-03-22,22096.75,22350.0,13,0.03561643835616438,0.129368360455851,0.129368,130.2,128.2032316647667,1.9968,227.1,329.7712975338984,-102.6713,False
2024-03-26,22004.69921875,21750.0,9,0.024657534246575342,0.22479314463444705,0.224793,474.0,472.75883108938564,1.2412,45.8,183.22794380386833,-137.4279,False
2024-03-26,22004.69921875,21800.0,9,0.024657534246575342,0.21929028651284685,0.21929,435.5,433.22368569956205,2.2763,54.25,193.61272561281675,-139.3627,False
2024-03-26,22004.69921875,21850.0,9,0.024657534246575342,0.2100438854989967,0.210044,393.0,392.4765266548143,0.5235,62.75,202.7854937668415,-140.0355,False
2024-03-26,22004.69921875,21900.0,9,0.024657534246575342,0.2039871368774057,0.203987,355.7,355.6737768367917,0.0262,74.05,215.90267114759158,-141.8527,False
2024-03-26,22004.69921875,21950.0,9,0.024657534246575342,0.19645896224975118,0.196459,317.55,316.5994505556318,0.9505,86.95,226.748272065198,-139.7983,False
2024-03-26,22004.69921875,22000.0,9,0.024657534246575342,0.18878931880548336,0.188789,280.45,276.973144410888,3.4769,100.45,237.0418931192262,-136.5919,True
2024-03-26,22004.69921875,22050.0,9,0.024657534246575342,0.1831106617730232,0.183111,247.5,246.14935674527752,1.3506,116.0,256.1380326523806,-140.138,False
2024-03-26,22004.69921875,22100.0,9,0.024657534246575342,0.1764330434091305,0.176433,214.75,214.73227797046457,0.0177,133.2,274.6408810763353,-141.4409,False
2024-03-26,22004.69921875,22150.0,9,0.024657534246575342,0.1699787567032201,0.169979,184.05,183.80683630953203,0.2432,153.2,293.63536661417265,-140.4354,False
2024-03-26,22004.69921875,22200.0,9,0.024657534246575342,0.16418638303498842,0.164186,156.15,153.9743744738641,2.1756,176.55,313.7228319772745,-137.1728,False
2024-03-26,22004.69921875,22250.0,9,0.024657534246575342,0.15862865709718652,0.158629,130.6,128.21215723434085,2.3878,199.1,337.8805419365146,-138.7805,False
2024-03-27,22123.650390625,21850.0,8,0.021917808219178082,0.20226096907897204,0.202261,442.5,441.7289405631387,0.7711,36.0,136.97194620476995,-100.9719,False
2024-03-27,22123.650390625,21900.0,8,0.021917808219178082,0.19227250841763968,0.192273,397.6,394.40527489516774,3.1947,43.1,139.57709837722663,-96.4771,False
2024-03-27,22123.650390625,21950.0,8,0.021917808219178082,0.18474882518783936,0.184749,356.5,355.30336208211975,1.1966,51.55,150.4040034045949,-98.854,False
2024-03-27,22123.650390625,22000.0,8,0.021917808219178082,0.17660888513151174,0.176609,315.7,315.6546513962593,0.0453,62.35,160.68411055917358,-98.3341,False
2024-03-27,22123.650390625,22050.0,8,0.021917808219178082,0.17267709751671725,0.172677,281.5,280.9543682517905,0.5456,74.8,175.91264525512725,-101.1126,False
2024-03-27,22123.650390625,22100.0,8,0.021917808219178082,0.16387967960761543,0.16388,242.55,239.5992637810617,2.9507,88.65,184.48635862482317,-95.8364,True
2024-03-27,22123.650390625,22150.0,8,0.021917808219178082,0.15870644539994005,0.158706,209.95,207.10770355586538,2.8423,104.65,201.92361624005926,-97.2736,False
2024-03-27,22123.650390625,22200.0,8,0.021917808219178082,0.15220061911995258,0.152201,177.5,177.05423153391175,0.4458,122.3,221.7989620585342,-99.499,False
2024-03-27,22123.650390625,22250.0,8,0.021917808219178082,0.14564192039538354,0.145642,147.1,147.22835798475177,-0.1284,140.7,241.9019063498005,-101.2019,False
2024-03-27,22123.650390625,22300.0,8,0.021917808219178082,0.1403855516976263,0.140386,120.7,119.38355088922088,1.3164,164.15,263.9859170946942,-99.8359,False
2024-03-27,22123.650390625,22350.0,8,0.021917808219178082,0.13681223840426157,0.136812,98.8,94.43212814719168,4.3679,192.0,288.96331219309474,-96.9633,False
2024-03-28,22326.900390625,22100.0,7,0.019178082191780823,0.14857783105069627,0.148578,337.0,333.0484052267205,3.9516,47.05,78.61586354880576,-31.5659,False
2024-03-28,22326.900390625,22150.0,7,0.019178082191780823,0.14332094869368706,0.143321,296.8,295.2934346203017,1.5066,56.0,90.79860300787485,-34.7986,False
2024-03-28,22326.900390625,22200.0,7,0.019178082191780823,0.14021879424254036,0.140219,260.55,260.5392526395909,0.0107,67.6,105.98213109265404,-38.3821,False
2024-03-28,22326.900390625,22250.0,7,0.019178082191780823,0.12671721958117965,0.126717,213.8,213.01037281999226,0.7896,82.6,108.39096133854193,-25.791,False
2024-03-28,22326.900390625,22300.0,7,0.019178082191780823,0.12489279543161672,0.124893,182.75,178.6019244661228,4.1481,96.95,123.92022305016644,-26.9702,False
2024-03-28,22326.900390625,22350.0,7,0.019178082191780823,0.12260508413355184,0.122605,153.6,149.05740907122436,4.5426,113.7,144.31341772076314,-30.6134,True
2024-03-28,22326.900390625,22400.0,7,0.019178082191780823,0.1208832257691916,0.120883,127.75,126.94877109292159,0.8012,134.2,172.14248980794872,-37.9425,False
2024-03-28,22326.900390625,22450.0,7,0.019178082191780823,0.11632053827819792,0.116321,101.2,101.65183765714183,-0.4518,163.35,196.78326643765632,-33.4333,False
2024-03-28,22326.900390625,22500.0,7,0.019178082191780823,0.1163278905382234,0.116328,82.9,81.98956036346577,0.9104,185.0,227.05869920947384,-42.0587,False
2024-03-28,22326.900390625,22550.0,7,0.019178082191780823,0.11307912830715876,0.113079,63.65,58.857152829761986,4.7928,212.95,253.86400174126115,-40.914,False
2024-03-28,22326.900390625,22600.0,7,0.019178082191780823,0.10939618501069263,0.109396,46.95,46.27743305305634,0.6726,249.8,291.22199203004567,-41.422,False
2024-04-01,22462.0,22200.0,9,0.024657534246575342,0.14913932664578655,0.149139,390.15,388.54766025329843,1.6023,59.95,90.99533650670683,-31.0453,False
2024-04-01,22462.0,22250.0,9,0.024657534246575342,0.14880659745605038,0.148807,355.05,351.6896728242617,3.3603,70.05,104.05727627643752,-34.0073,False
2024-04-01,22462.0,22300.0,9,0.024657534246575342,0.14364403617207583,0.143644,315.35,314.5409937052381,0.809,82.0,116.82852435618577,-34.8285,False
2024-04-01,22462.0,22350.0,9,0.024657534246575342,0.13934487547701915,0.139345,278.15,278.1326631789424,0.0173,95.6,130.34012102865884,-34.7401,False
2024-04-01,22462.0,22400.0,9,0.024657534246575342,0.1368632500033623,0.136863,245.05,243.8557809562514,1.1942,111.55,145.9831660047396,-34.4332,False
2024-04-01,22462.0,22450.0,9,0.024657534246575342,0.1337874314584548,0.133787,213.0,208.48480931856574,4.5152,130.05,160.53212156582268,-30.4821,True
2024-04-01,22462.0,22500.0,9,0.024657534246575342,0.13042682463970237,0.130427,182.55,180.00881399897872,2.5412,148.7,181.97605344499883,-33.2761,False
2024-04-01,22462.0,22550.0,9,0.024657534246575342,0.12870709019003895,0.128707,156.55,156.368673253807,0.1813,170.8,208.2558398985981,-37.4558,False
2024-04-01,22462.0,22600.0,9,0.024657534246575342,0.12526143627941866,0.125261,130.4,130.4737530900166,-0.0738,197.45,232.2808469335789,-34.8308,False
2024-04-01,22462.0,22650.0,9,0.024657534246575342,0.1240997851896356,0.1241,109.7,107.85476313976199,1.8452,223.95,259.5817841820899,-35.6318,False
2024-04-01,22462.0,22700.0,9,0.024657534246575342,0.12192539422357561,0.121925,89.95,86.1442409215814,3.8058,254.4,287.7911891626728,-33.3912,False
2024-04-02,22453.30078125,22200.0,8,0.021917808219178082,0.13878091869531906,0.138781,359.55,357.3582955358055,2.1917,50.45,72.4526354354253,-22.0026,False
2024-04-02,22453.30078125,22250.0,8,0.021917808219178082,0.13600587908702258,0.136006,320.85,317.80872747225504,3.0413,61.4,82.83188521231011,-21.4319,False
2024-04-02,22453.30078125,22300.0,8,0.021917808219178082,0.13241308927423126,0.132413,282.75,282.2188994604555,0.5311,74.25,97.17087504092908,-22.9209,False
2024-04-02,22453.30078125,22350.0,8,0.021917808219178082,0.130023810031131,0.130024,247.85,247.77443109528332,0.0756,89.05,112.65522451618543,-23.6052,False
2024-04-02,22453.30078125,22400.0,8,0.021917808219178082,0.12714143448743603,0.127141,214.3,212.41284398705938,1.8872,106.05,127.22245524839047,-21.1725,False
2024-04-02,22453.30078125,22450.0,8,0.021917808219178082,0.12529348175810046,0.125293,184.25,178.13302897906735,6.117,125.25,142.87145808082101,-17.6215,True
2024-04-02,22453.30078125,22500.0,8,0.021917808219178082,0.12255696575730037,0.122557,155.35,153.0697819623527,2.2802,146.5,167.73702890453512,-21.237,False
2024-04-02,22453.30078125,22550.0,8,0.021917808219178082,0.12103415368049583,0.121034,130.5,130.5483882025718,-0.0484,171.5,195.14445298517992,-23.6445,False
2024-04-02,22453.30078125,22600.0,8,0.021917808219178082,0.11962743048124062,0.119627,108.3,108.30088281588935,-0.0009,197.75,222.82576543893083,-25.0758,False
2024-04-02,22453.30078125,22650.0,8,0.021917808219178082,0.11825793005413705,0.118258,88.65,86.22295639617813,2.427,228.85,250.67665685964784,-21.8267,False
2024-04-02,22453.30078125,22700.0,8,0.021917808219178082,0.11691824596243403,0.116918,71.5,68.41153725306626,3.0885,262.9,282.79405555694973,-19.8941,False
2024-04-03,22434.650390625,22200.0,7,0.019178082191780823,0.12989644568405606,0.129896,324.25,320.6030544639994,3.6469,44.8,58.29593291705599,-13.4959,False
2024-04-03,22434.650390625,22250.0,7,0.019178082191780823,0.1263761782706712,0.126376,284.55,282.62819258361895,1.9218,55.65,70.25878110217012,-14.6088,False
2024-04-03,22434.650390625,22300.0,7,0.019178082191780823,0.1257606216689932,0.125761,249.85,249.8054701904747,0.0445,68.75,87.37376877451592,-18.6238,False
2024-04-03,22434.650390625,22350.0,7,0.019178082191780823,0.12347250701570987,0.123473,215.45,214.9095520837348,0.5404,84.8,102.41556073326701,-17.6156,False
2024-04-03,22434.650390625,22400.0,7,0.019178082191780823,0.12106864477002484,0.121069,183.2,179.55889908691688,3.6411,103.3,117.00261780194347,-13.7026,False
2024-04-03,22434.650390625,22450.0,7,0.019178082191780823,0.11948644732858577,0.119486,154.45,148.87862486979316,5.5714,123.6,136.26005365031028,-12.6601,True
2024-04-03,22434.650390625,22500.0,7,0.019178082191780823,0.11733306522605501,0.117333,127.65,126.35810442529777,1.2919,147.3,163.67724327130617,-16.3772,False
2024-04-03,22434.650390625,22550.0,7,0.019178082191780823,0.11598989039595695,0.11599,104.6,105.02975946650619,-0.4298,174.1,192.2866083780027,-18.1866,False
2024-04-03,22434.650390625,22600.0,7,0.019178082191780823,0.11476223006214238,0.114762,84.45,83.97980698853861,0.4702,204.0,221.17436596552486,-17.1744,False
2024-04-03,22434.650390625,22650.0,7,0.019178082191780823,0.11347493013586149,0.113475,66.95,63.0073212440649,3.9427,236.95,250.13959028655168,-13.1896,False
2024-04-03,22434.650390625,22700.0,7,0.019178082191780823,0.11251302627049188,0.112513,52.4,50.99044073762806,1.4096,271.0,288.0604198455989,-17.0604,False
2024-04-04,22514.650390625,22250.0,14,0.038356164383561646,0.11664218877593471,0.116642,402.5,400.92033487212865,1.5797,71.65,80.8664348538698,-9.2164,False
2024-04-04,22514.650390625,22300.0,14,0.038356164383561646,0.11767693009897841,0.117677,368.45,364.8974520725213,3.5525,83.6,94.71904978596582,-11.119,False
2024-04-04,22514.650390625,22350.0,14,0.038356164383561646,0.11525741784115934,0.115257,330.75,329.8114278318651,0.9386,97.35,109.50852327700491,-12.1585,False
2024-04-04,22514.650390625,22400.0,14,0.038356164383561646,0.1148174737821253,0.114817,297.8,297.72376846817326,0.0762,112.25,127.29636164501922,-15.0464,False
2024-04-04,22514.650390625,22450.0,14,0.038356164383561646,0.114071756949321,0.114072,266.15,265.05881001517497,1.0912,128.6,144.50690092372042,-15.9069,False
2024-04-04,22514.650390625,22500.0,14,0.038356164383561646,0.11242427921667916,0.112424,234.8,230.69452470078582,4.1055,147.85,160.0181133410314,-12.1681,True
2024-04-04,22514.650390625,22550.0,14,0.038356164383561646,0.11185736343786418,0.111857,207.25,204.69970326099582,2.5503,167.8,183.89878963294325,-16.0988,False
2024-04-04,22514.650390625,22600.0,14,0.038356164383561646,0.10881429133017173,0.108814,177.35,177.09212713787488,0.2579,190.95,206.1667112415216,-15.2167,False
2024-04-04,22514.650390625,22650.0,14,0.038356164383561646,0.10754631540872854,0.107546,152.65,152.71493753928743,-0.0649,215.35,231.66501937463923,-16.315,False
2024-04-04,22514.650390625,22700.0,14,0.038356164383561646,0.10629380442415909,0.106294,130.1,128.43369590000282,1.6663,245.65,257.2592754670515,-11.6093,False
2024-04-04,22514.650390625,22750.0,14,0.038356164383561646,0.10391846405373979,0.103918,107.85,103.82480428601853,4.0252,274.6,282.52588158475976,-7.9259,False
2024-04-05,22513.69921875,22250.0,13,0.03561643835616438,0.11305611733604959,0.113056,387.95,386.27732969986045,1.6727,72.1,71.12741589788523,0.9726,False
2024-04-05,22513.69921875,22300.0,13,0.03561643835616438,0.1081437572001024,0.108144,344.75,340.99645845415205,3.7535,83.85,75.73092511272903,8.1191,False
2024-04-05,22513.69921875,22350.0,13,0.03561643835616438,0.10993705200325173,0.109937,312.7,311.7699674722055,0.93,97.25,96.38881459133651,0.8612,False
2024-04-05,22513.69921875,22400.0,13,0.03561643835616438,0.10796325736710768,0.107963,276.9,276.8218996140644,0.0781,111.7,111.32512719375873,0.3749,False
2024-04-05,22513.69921875,22450.0,13,0.03561643835616438,0.1055295684852891,0.10553,242.15,240.84262830277348,1.3074,130.1,125.23023634302587,4.8698,False
2024-04-05,22513.69921875,22500.0,13,0.03561643835616438,0.1049926872304077,0.104993,212.5,207.78166986159283,4.7183,148.25,142.05365836239721,6.1963,True
2024-04-05,22513.69921875,22550.0,13,0.03561643835616438,0.10411495133779775,0.104115,184.45,181.63229946669685,2.8177,169.1,165.78866842805655,3.3113,False
2024-04-05,22513.69921875,22600.0,13,0.03561643835616438,0.10378268178332396,0.103783,159.55,159.3092908908292,0.2407,191.65,193.35004031275326,-1.7,False
2024-04-05,22513.69921875,22650.0,13,0.03561643835616438,0.10135337295953054,0.101353,133.4,133.53040379589265,-0.1304,216.2,217.45553367837243,-1.2555,False
2024-04-05,22513.69921875,22700.0,13,0.03561643835616438,0.10005331481082913,0.100053,111.5,109.75853955228732,1.7415,246.1,243.56804989532085,2.532,False
2024-04-05,22513.69921875,22750.0,13,0.03561643835616438,0.09891319276674757,0.098913,92.2,88.11461438479779,4.0854,275.5,271.80850518838974,3.6915,False
2024-04-08,22666.30078125,22400.0,10,0.0273972602739726,0.12632886874546242,0.126329,379.25,377.63550078146375,1.6145,65.9,71.47980635664442,-5.5798,False
2024-04-08,22666.30078125,22450.0,10,0.0273972602739726,0.12264644417398075,0.122646,338.55,334.6738929511055,3.8761,76.95,78.42923666652828,-1.4792,False
2024-04-08,22666.30078125,22500.0,10,0.0273972602739726,0.12080188140671569,0.120802,301.65,300.68596992671996,0.964,88.9,94.35235178237534,-5.4524,False
2024-04-08,22666.30078125,22550.0,10,0.0273972602739726,0.11984640309981903,0.119846,267.75,267.72675416109985,0.0232,103.6,111.30417415698301,-7.7042,False
2024-04-08,22666.30078125,22600.0,10,0.0273972602739726,0.11741302424287427,0.117413,233.7,232.48679217271447,1.2132,119.75,125.97525030883406,-6.2253,False
2024-04-08,22666.30078125,22650.0,10,0.0273972602739726,0.1157504623106119,0.11575,202.8,198.11183930799638,4.6882,138.8,141.5113355843548,-2.7113,True
2024-04-08,22666.30078125,22700.0,10,0.0273972602739726,0.11312085123239307,0.113121,172.65,169.43039929869335,3.2196,159.55,162.74093371528394,-3.1909,False
2024-04-08,22666.30078125,22750.0,10,0.0273972602739726,0.11151961407817934,0.11152,146.35,145.99882801842955,0.3512,183.35,189.22040057525376,-5.8704,False
2024-04-08,22666.30078125,22800.0,10,0.0273972602739726,0.10991365277304503,0.109914,122.45,122.68687637032664,-0.2369,209.75,215.81948706738308,-6.0695,False
2024-04-08,22666.30078125,22850.0,10,0.0273972602739726,0.10879906629538857,0.108799,101.7,100.20103697767806,1.499,238.3,243.2446858149736,-4.9447,False
2024-04-08,22666.30078125,22900.0,10,0.0273972602739726,0.10727606589939295,0.107276,82.8,78.22945434156371,4.5705,269.5,271.1841413190947,-1.6841,False
2024-04-09,22642.75,22400.0,9,0.024657534246575342,0.12813354205923835,0.128134,353.1,350.01032805249133,3.0897,52.1,71.38771310098035,-19.2877,False
2024-04-09,22642.75,22450.0,9,0.024657534246575342,0.12488619498024638,0.124886,313.7,311.4021782007284,2.2978,63.05,82.6994904479816,-19.6495,False
2024-04-09,22642.75,22500.0,9,0.024657534246575342,0.12215002126830408,0.12215,276.5,276.2551371710786,0.2449,75.2,97.47237661710724,-22.2724,False
2024-04-09,22642.75,22550.0,9,0.024657534246575342,0.12056631748674043,0.120566,242.65,242.3441098493292,0.3059,90.0,113.4812764941164,-23.4813,False
2024-04-09,22642.75,22600.0,9,0.024657534246575342,0.11723526397860659,0.117235,208.45,205.75129934634987,2.6987,106.9,126.8083931899119,-19.9084,False
2024-04-09,22642.75,22650.0,9,0.024657534246575342,0.11525638600880031,0.115256,178.3,172.38991139175522,5.9101,125.95,143.36693243408715,-17.4169,True
2024-04-09,22642.75,22700.0,9,0.024657534246575342,0.11224149627142238,0.112241,149.05,147.35902562343784,1.691,147.65,168.25597386453853,-20.606,False
2024-04-09,22642.75,22750.0,9,0.024657534246575342,0.11088723498537077,0.110887,124.65,124.90079905086719,-0.2508,172.0,195.71767449073826,-23.7177,False
2024-04-09,22642.75,22800.0,9,0.024657534246575342,0.10824260591104273,0.108243,101.05,100.83881437527204,0.2112,199.05,221.5756170139134,-22.5256,False
2024-04-09,22642.75,22850.0,9,0.024657534246575342,0.10701556610467096,0.107016,82.0,78.87024701910985,3.1298,229.4,249.52697685651594,-20.127,False
2024-04-09,22642.75,22900.0,9,0.024657534246575342,0.10510705813719853,0.105107,64.65,62.30281627141771,2.3472,262.8,282.87947330759266,-20.0795,False
2024-04-10,22753.80078125,22500.0,8,0.021917808219178082,0.09014244343134296,0.090142,313.6,311.3709301157441,2.2291,46.1,25.538177057928934,20.5618,False
2024-04-10,22753.80078125,22550.0,8,0.021917808219178082,0.08983617629361926,0.089836,273.15,270.37342789389317,2.7766,56.8,34.469492676501474,22.3305,False
2024-04-10,22753.80078125,22600.0,8,0.021917808219178082,0.09162472749851427,0.091625,237.4,237.2692150775207,0.1308,69.55,51.2940977005583,18.2559,False
2024-04-10,22753.80078125,22650.0,8,0.021917808219178082,0.09167174628625735,0.091672,202.65,202.50663174299342,0.1434,84.85,66.46033220646044,18.3897,False
2024-04-10,22753.80078125,22700.0,8,0.021917808219178082,0.09148605940751776,0.091486,170.55,167.44317146204486,3.1068,102.2,81.32568976593606,20.8743,False
2024-04-10,22753.80078125,22750.0,8,0.021917808219178082,0.09115623425365095,0.091156,141.35,132.12164224185676,9.2284,123.05,95.93297838617617,27.117,True
2024-04-10,22753.80078125,22800.0,8,0.021917808219178082,0.0903056995229047,0.090306,114.65,111.07926068261543,3.5707,146.1,124.81941466736099,21.2806,False
2024-04-10,22753.80078125,22850.0,8,0.021917808219178082,0.08974382471929447,0.089744,91.6,91.8036916641031,-0.2037,173.0,155.47266348926848,17.5273,False
2024-04-10,22753.80078125,22900.0,8,0.021917808219178082,0.08910493578061707,0.089105,71.7,72.54085214850585,-0.8409,203.55,186.13864181409994,17.4114,False
2024-04-10,22753.80078125,22950.0,8,0.021917808219178082,0.08863428655181878,0.088634,55.15,53.587511734520426,1.5625,236.7,217.11411924054875,19.5859,False
2024-04-10,22753.80078125,23000.0,8,0.021917808219178082,0.08803682471976462,0.088037,41.4,38.468064036316164,2.9319,273.75,251.92348938277073,21.8265,False
2024-04-12,22519.400390625,22250.0,13,0.03561643835616438,0.1381218533894025,0.138122,427.3,426.0558241085624,1.2442,73.45,105.20473843157556,-31.7547,False
2024-04-12,22519.400390625,22300.0,13,0.03561643835616438,0.13506864976348665,0.135069,388.3,384.68118705684515,3.6188,85.45,113.7144818404201,-28.2645,False
2024-04-12,22519.400390625,22350.0,13,0.03561643835616438,0.13255827005088144,0.132558,351.35,350.3135382229877,1.0365,97.35,129.23121346712986,-31.8812,False
2024-04-12,22519.400390625,22400.0,13,0.03561643835616438,0.1308982026574861,0.130898,317.15,317.0931925849343,0.0568,112.3,145.89524828962234,-33.5952,False
2024-04-12,22519.400390625,22450.0,13,0.03561643835616438,0.1275291805802934,0.127529,281.7,280.8843486416207,0.8157,126.7,159.5707848068725,-32.8708,False
2024-04-12,22519.400390625,22500.0,13,0.03561643835616438,0.12501546154238535,0.125015,249.25,245.80164654593722,3.4484,144.95,174.37246317174342,-29.4225,True
2024-04-12,22519.400390625,22550.0,13,0.03561643835616438,0.1225931059143198,0.122593,218.7,216.0010595231193,2.6989,164.5,194.4562566094856,-29.9563,False
2024-04-12,22519.400390625,22600.0,13,0.03561643835616438,0.11971953483075222,0.11972,189.25,188.8795852436671,0.3704,185.3,217.21916279058766,-31.9192,False
2024-04-12,22519.400390625,22650.0,13,0.03561643835616438,0.11810588211293117,0.118106,163.9,163.99324982133626,-0.0932,208.25,242.21720782881562,-33.9672,False
2024-04-12,22519.400390625,22700.0,13,0.03561643835616438,0.11562823264797657,0.115628,139.15,137.7593115046774,1.3907,234.3,265.86764997271075,-31.5676,False
2024-04-12,22519.400390625,22750.0,13,0.03561643835616438,0.11450446399295805,0.114504,118.7,114.40071971773125,4.2993,263.75,292.3934386463234,-28.6434,False
2024-04-15,22272.5,22000.0,10,0.0273972602739726,0.16541919257851267,0.165419,428.7,427.76132813510515,0.9387,70.8,116.11810983840499,-45.3181,False
2024-04-15,22272.5,22050.0,10,0.0273972602739726,0.16115909026546907,0.161159,389.25,385.68820668064035,3.5618,81.25,123.95602652418036,-42.706,False
2024-04-15,22272.5,22100.0,10,0.0273972602739726,0.15727515956103438,0.157275,351.45,350.28581538729486,1.1642,93.1,138.46467337107632,-45.3647,False
2024-04-15,22272.5,22150.0,10,0.0273972602739726,0.1547117640812765,0.154712,316.8,316.7534293049904,0.0466,107.2,154.8433254290025,-47.6433,False
2024-04-15,22272.5,22200.0,10,0.0273972602739726,0.15155235195376626,0.151552,282.8,282.1762973883092,0.6237,122.95,170.17723165254938,-47.2272,False
2024-04-15,22272.5,22250.0,10,0.0273972602739726,0.14836823477649433,0.148368,250.35,247.3246206255686,3.0254,140.25,185.2365930300468,-44.9866,True
2024-04-15,22272.5,22300.0,10,0.0273972602739726,0.1449074052040298,0.144907,219.2,216.46393210788278,2.7361,159.55,204.2869426525948,-44.7369,False
2024-04-15,22272.5,22350.0,10,0.0273972602739726,0.1418362583879946,0.141836,190.45,190.03677127877532,0.4132,180.45,227.77081996372021,-47.3208,False
2024-04-15,22272.5,22400.0,10,0.0273972602739726,0.1387360033530575,0.138736,163.6,163.69557936796457,-0.0956,203.85,251.34066619314086,-47.4907,False
2024-04-15,22272.5,22450.0,10,0.0273972602739726,0.13680038476984524,0.1368,140.45,139.153278164652,1.2967,229.25,276.7094031300685,-47.4594,False
2024-04-15,22272.5,22500.0,10,0.0273972602739726,0.1340116123234125,0.134012,118.15,113.94285028912613,4.2071,258.2,301.4100133947751,-43.21,False
2024-04-16,22147.900390625,21900.0,9,0.024657534246575342,0.14335384779945287,0.143354,370.5,368.3110633948214,2.1889,69.85,85.33878583062183,-15.4888,False
2024-04-16,22147.900390625,21950.0,9,0.024657534246575342,0.1413090819204128,0.141309,333.3,330.6221354831371,2.6779,82.9,97.5697851177032,-14.6698,False
2024-04-16,22147.900390625,22000.0,9,0.024657534246575342,0.13631121234088472,0.136311,293.9,293.4536739401826,0.4463,95.4,110.32125077351886,-14.9213,False
2024-04-16,22147.900390625,22050.0,9,0.024657534246575342,0.1383797569907878,0.13838,265.35,265.2279190535842,0.1221,109.55,132.01542308568966,-22.4654,False
2024-04-16,22147.900390625,22100.0,9,0.024657534246575342,0.1322541755096679,0.132254,227.8,225.89348213125464,1.9065,131.35,142.60091336212903,-11.2509,False
2024-04-16,22147.900390625,22150.0,9,0.024657534246575342,0.1318751959190494,0.131875,200.0,194.58117812350122,5.4188,150.6,161.20853655314494,-10.6085,True
2024-04-16,22147.900390625,22200.0,9,0.024657534246575342,0.12961795140865462,0.129618,171.75,170.14519515018088,1.6048,171.35,186.69248077859305,-15.3425,False
2024-04-16,22147.900390625,22250.0,9,0.024657534246575342,0.1274203843893818,0.12742,145.8,145.9238051780402,-0.1238,192.8,212.39101800521877,-19.591,False
2024-04-16,22147.900390625,22300.0,9,0.024657534246575342,0.12525854626405694,0.125259,122.2,121.89135940622394,0.3086,224.8,238.2784994321704,-13.4785,False
2024-04-16,22147.900390625,22350.0,9,0.024657534246575342,0.12467725150887062,0.124677,103.0,100.06121885233628,2.9388,251.75,266.36828607705223,-14.6183,False
2024-04-16,22147.900390625,22400.0,9,0.024657534246575342,0.12355167382217964,0.123552,85.3,82.9937456812419,2.3063,282.95,299.22074010472613,-16.2707,False
2024-04-18,21995.849609375,21750.0,7,0.019178082191780823,0.1732423382711017,0.173242,373.4,371.29941881363504,2.1006,61.25,98.35368792728025,-37.1037,False
2024-04-18,21995.849609375,21800.0,7,0.019178082191780823,0.16859354921507927,0.168594,334.45,331.9212477536282,2.5288,72.8,108.91322693275798,-36.1132,False
2024-04-18,21995.849609375,21850.0,7,0.019178082191780823,0.16309623453780836,0.163096,295.9,295.50457772265895,0.3954,84.45,122.43426696728444,-37.9843,False
2024-04-18,21995.849609375,21900.0,7,0.019178082191780823,0.15902669555913682,0.159027,260.5,260.3844312741686,0.1156,99.5,137.2518305842821,-37.7518,False
2024-04-18,21995.849609375,21950.0,7,0.019178082191780823,0.15462337690515363,0.154623,226.45,224.54751855941336,1.9025,112.45,151.35262793501872,-38.9026,False
2024-04-18,21995.849609375,22000.0,7,0.019178082191780823,0.15160970593426915,0.15161,196.0,190.90609478943932,5.0939,135.35,167.64891423053967,-32.2989,True
2024-04-18,21995.849609375,22050.0,7,0.019178082191780823,0.15003308014962075,0.150033,169.4,167.97347167741538,1.4265,155.15,194.6540011840045,-39.504,False
2024-04-18,21995.849609375,22100.0,7,0.019178082191780823,0.14680018985542717,0.1468,143.0,143.14408987946751,-0.1441,181.35,219.762329451548,-38.4123,False
2024-04-18,21995.849609375,22150.0,7,0.019178082191780823,0.14440519432888455,0.144405,119.9,119.48051715705954,0.4195,209.25,246.03646679462832,-36.7865,False
2024-04-18,21995.849609375,22200.0,7,0.019178082191780823,0.14229674099484585,0.142297,99.45,96.29064827543644,3.1594,239.25,272.7843079785015,-33.5343,False
2024-04-18,21995.849609375,22250.0,7,0.019178082191780823,0.13924083738095294,0.139241,80.3,78.27448441767083,2.0255,271.3,304.7058541862252,-33.4059,False
2024-04-19,22147.0,21900.0,13,0.03561643835616438,0.14494097009927923,0.144941,417.65,415.66395882463644,1.986,123.7,118.02260054875237,5.6774,False
2024-04-19,22147.0,21950.0,13,0.03561643835616438,0.14218527488802962,0.142185,380.05,377.74119592193097,2.3088,136.7,129.98421810660764,6.7158,False
2024-04-19,22147.0,22000.0,13,0.03561643835616438,0.14318292913044442,0.143183,349.6,349.1847956093951,0.4152,151.65,151.31219825462884,0.3378,False
2024-04-19,22147.0,22050.0,13,0.03561643835616438,0.13773097140077478,0.137731,310.45,310.31638031496783,0.1336,167.9,162.32816342075958,5.5718,False
2024-04-19,22147.0,22100.0,13,0.03561643835616438,0.1369508900953879,0.136951,280.25,278.7152614657672,1.5347,184.55,180.61142503211286,3.9386,False
2024-04-19,22147.0,22150.0,13,0.03561643835616438,0.1357922672281704,0.135792,251.1,246.87741992464714,4.2226,204.3,198.6579639515511,5.642,True
2024-04-19,22147.0,22200.0,13,0.03561643835616438,0.1323459340032938,0.132346,219.85,218.60834349399113,1.2417,223.7,220.2732679814581,3.4267,False
2024-04-19,22147.0,22250.0,13,0.03561643835616438,0.1299621034894412,0.129962,192.15,192.21831993310258,-0.0683,246.6,243.76762488112124,2.8324,False
2024-04-19,22147.0,22300.0,13,0.03561643835616438,0.12820421792544848,0.128204,167.35,166.9422936432539,0.4077,271.75,268.37597905183156,3.374,False
2024-04-19,22147.0,22350.0,13,0.03561643835616438,0.12482560365451063,0.124826,141.85,139.10925043002698,2.7407,293.85,290.4273162991597,3.4227,False
2024-04-19,22147.0,22400.0,13,0.03561643835616438,0.1235078174663555,0.123508,121.65,119.54918597489394,2.1008,322.55,320.7516323045903,1.7984,False
2024-04-22,22336.400390625,22100.0,10,0.0273972602739726,0.15823185288712419,0.158232,395.4,392.6305840268211,2.7694,82.55,116.90905138559386,-34.3591,False
2024-04-22,22336.400390625,22150.0,10,0.0273972602739726,0.15417520696008674,0.154175,356.85,355.08012984521827,1.7699,94.35,129.26963534422936,-34.9196,False
2024-04-22,22336.400390625,22200.0,10,0.0273972602739726,0.1481413403673016,0.148141,316.8,316.6095294259137,0.1905,105.6,140.7100730651557,-35.1101,False
2024-04-22,22336.400390625,22250.0,10,0.0273972602739726,0.1442667766364635,0.144267,281.1,280.7856505930163,0.3143,118.65,154.79723237249246,-36.1472,False
2024-04-22,22336.400390625,22300.0,10,0.0273972602739726,0.14239901559014392,0.142399,249.9,247.60183255902945,2.2982,140.0,171.5244524787416,-31.5245,False
2024-04-22,22336.400390625,22350.0,10,0.0273972602739726,0.1405337139672236,0.140534,220.5,216.6453026244716,3.8547,156.25,190.47896068441656,-34.229,True
2024-04-22,22336.400390625,22400.0,10,0.0273972602739726,0.13746097220867562,0.137461,191.2,190.2729686892655,0.927,178.25,214.01766488944418,-35.7677,False
2024-04-22,22336.400390625,22450.0,10,0.0273972602739726,0.13457238195144872,0.134572,164.15,164.30651924494882,-0.1565,198.35,237.96225358536606,-39.6123,False
2024-04-22,22336.400390625,22500.0,10,0.0273972602739726,0.13127747955578267,0.131277,138.6,137.89941642355362,0.7006,225.95,261.46618890420757,-35.5162,False
2024-04-22,22336.400390625,22550.0,10,0.0273972602739726,0.12841084603962052,0.128411,115.85,112.27065126988963,3.5793,249.35,285.748461890774,-36.3985,False
2024-04-22,22336.400390625,22600.0,10,0.0273972602739726,0.1264599382760008,0.12646,96.55,94.89385824573148,1.6561,282.4,318.28270700685437,-35.8827,False
2024-04-23,22368.0,22100.0,9,0.024657534246575342,0.13316711817620597,0.133167,375.2,373.8877017484326,1.3123,66.1,70.49552360430832,-4.3955,False
2024-04-23,22368.0,22150.0,9,0.024657534246575342,0.12719998853220452,0.1272,332.05,327.8282628929453,4.2217,77.4,74.35601194758561,3.044,False
2024-04-23,22368.0,22200.0,9,0.024657534246575342,0.12818279667665688,0.128183,298.7,297.60370123547574,1.0963,89.5,94.05137748888231,-4.5514,False
2024-04-23,22368.0,22250.0,9,0.024657534246575342,0.12388169180491354,0.123882,260.55,260.5485538210674,0.0014,103.95,106.9161572732378,-2.9662,False
2024-04-23,22368.0,22300.0,9,0.024657534246575342,0.12450158981380416,0.124502,230.8,229.74203409625758,1.058,120.8,126.02956474720787,-5.2296,False
2024-04-23,22368.0,22350.0,9,0.024657534246575342,0.12219016480108258,0.12219,199.25,194.81367755291842,4.4363,139.45,141.02113540263804,-1.5711,True
2024-04-23,22368.0,22400.0,9,0.024657534246575342,0.12030337385591922,0.120303,170.5,167.25752016827232,3.2425,158.4,163.3849052167517,-4.9849,False
2024-04-23,22368.0,22450.0,9,0.024657534246575342,0.11695357510966158,0.116954,142.05,141.68053076536773,0.3695,183.75,187.72784301262465,-3.9778,False
2024-04-23,22368.0,22500.0,9,0.024657534246575342,0.11601105662407148,0.116011,119.4,119.6291723065444,-0.2292,209.75,215.59641175256598,-5.8464,False
2024-04-23,22368.0,22550.0,9,0.024657534246575342,0.11421320667356714,0.114213,98.05,96.53290793954254,1.5171,237.25,242.42007458433105,-5.1701,False
2024-04-23,22368.0,22600.0,9,0.024657534246575342,0.11208920151202455,0.112089,78.8,74.42690600521894,4.3731,268.0,270.2339998487767,-2.234,False
2024-04-24,22402.400390625,22150.0,8,0.021917808219178082,0.13146530529603617,0.131465,350.65,348.3976706852568,2.2523,51.8,64.46358336944927,-12.6636,False
2024-04-24,22402.400390625,22200.0,8,0.021917808219178082,0.12786895455588893,0.127869,310.55,307.4671070350134,3.0829,61.9,73.46183755963334,-11.5618,False
2024-04-24,22402.400390625,22250.0,8,0.021917808219178082,0.12457917679415743,0.124579,272.35,271.8511564956218,0.4988,74.3,87.77470486066753,-13.4747,False
2024-04-24,22402.400390625,22300.0,8,0.021917808219178082,0.12121692132334708,0.121217,235.85,235.7565710669084,0.0934,89.15,101.6089372723853,-12.4589,False
2024-04-24,22402.400390625,22350.0,8,0.021917808219178082,0.11834768787807166,0.118348,202.0,199.87531222961874,2.1247,105.6,115.65649627551838,-10.0565,False
2024-04-24,22402.400390625,22400.0,8,0.021917808219178082,0.11587193950926675,0.115872,170.95,164.13570080936378,6.8143,124.95,129.84570269569167,-4.8957,True
2024-04-24,22402.400390625,22450.0,8,0.021917808219178082,0.11385068146530944,0.113851,143.0,140.58194836367323,2.4181,146.05,156.22076809042892,-10.1708,False
2024-04-24,22402.400390625,22500.0,8,0.021917808219178082,0.11117871303068823,0.111179,116.85,116.96619579610504,-0.1162,170.3,182.53383336328534,-12.2338,False
2024-04-24,22402.400390625,22550.0,8,0.021917808219178082,0.10965567774464559,0.109656,94.95,95.06303292083898,-0.113,195.4,210.55948832844626,-15.1595,False
2024-04-24,22402.400390625,22600.0,8,0.021917808219178082,0.1073866460359179,0.107387,74.9,72.44900478539306,2.451,226.6,237.87427803342817,-11.2743,False
2024-04-24,22402.400390625,22650.0,8,0.021917808219178082,0.10545307773828384,0.105453,58.05,55.17536434659468,2.8746,257.95,270.52945543505814,-12.5795,False
2024-04-25,22570.349609375,22300.0,7,0.019178082191780823,0.11237943769552544,0.112379,336.2,335.00498236016165,1.195,52.85,36.87406219420377,15.9759,False
2024-04-25,22570.349609375,22350.0,7,0.019178082191780823,0.1117325933149363,0.111733,296.6,292.0067665808316,4.5932,61.55,43.813556480366145,17.7364,False
2024-04-25,22570.349609375,22400.0,7,0.019178082191780823,0.10835442782901925,0.108354,256.25,255.28441826872614,0.9656,73.55,57.02891823375614,16.5211,False
2024-04-25,22570.349609375,22450.0,7,0.019178082191780823,0.10762702461800583,0.107627,220.8,220.95009198139232,-0.1501,87.25,72.63230201190737,14.6177,False
2024-04-25,22570.349609375,22500.0,7,0.019178082191780823,0.10547484361072978,0.105475,186.25,184.75267854611639,1.4973,103.25,86.3725986421299,16.8774,False
2024-04-25,22570.349609375,22550.0,7,0.019178082191780823,0.10359156607564086,0.103592,154.7,148.4894856301209,6.2105,122.4,100.04711579162093,22.3529,True
2024-04-25,22570.349609375,22600.0,7,0.019178082191780823,0.1038474323782625,0.103847,128.75,123.80603131524458,4.944,143.35,125.30137154223657,18.0486,False
2024-04-25,22570.349609375,22650.0,7,0.019178082191780823,0.10198669344709117,0.101987,103.25,102.61889794133052,0.6311,167.6,154.05194823381598,13.5481,False
2024-04-25,22570.349609375,22700.0,7,0.019178082191780823,0.1003576614756024,0.100358,81.2,81.98595389396161,-0.786,196.35,183.35671425193695,12.9933,False
2024-04-25,22570.349609375,22750.0,7,0.019178082191780823,0.09834122093178216,0.098341,61.9,61.20621876355645,0.6938,227.4,212.5146891870233,14.8853,False
2024-04-25,22570.349609375,22800.0,7,0.019178082191780823,0.09648105958913869,0.096481,45.95,41.326658370327074,4.6233,261.8,242.5728388592847,19.2272,False
2024-04-26,22419.94921875,22150.0,13,0.03561643835616438,0.15553189221194066,0.155532,452.1,451.0242464849461,1.0758,71.9,129.85557176185384,-57.9556,False
2024-04-26,22419.94921875,22200.0,13,0.03561643835616438,0.14658143212022598,0.146581,405.0,401.5192916374038,3.4807,83.7,130.23499737487163,-46.535,False
2024-04-26,22419.94921875,22250.0,13,0.03561643835616438,0.1434512039142771,0.143451,367.65,366.6289941128592,1.021,96.55,145.22908031087155,-48.6791,False
2024-04-26,22419.94921875,22300.0,13,0.03561643835616438,0.13892048314620267,0.13892,329.3,329.2440901594997,0.0559,110.5,157.72855681807633,-47.2286,False
2024-04-26,22419.94921875,22350.0,13,0.03561643835616438,0.13786719058072758,0.137867,297.95,297.24154740825503,0.7085,125.45,175.61039452738734,-50.1604,False
2024-04-26,22419.94921875,22400.0,13,0.03561643835616438,0.13495259830553546,0.134953,265.1,261.9901327358651,3.1099,142.85,190.24336031555453,-47.3934,True
2024-04-26,22419.94921875,22450.0,13,0.03561643835616438,0.13312574909418629,0.133126,235.7,233.2223979195819,2.4776,162.15,211.36000595983216,-49.21,False
2024-04-26,22419.94921875,22500.0,13,0.03561643835616438,0.12958863266628268,0.129589,205.15,204.80235606541322,0.3476,181.55,232.82434456621968,-51.2743,False
2024-04-26,22419.94921875,22550.0,13,0.03561643835616438,0.1283840798830969,0.128384,180.35,180.40557753625026,-0.0556,203.35,258.31194649761744,-54.9619,False
2024-04-26,22419.94921875,22600.0,13,0.03561643835616438,0.12493226996962045,0.124932,153.7,152.34596103394412,1.354,231.9,280.1367104558663,-48.2367,False
2024-04-26,22419.94921875,22650.0,13,0.03561643835616438,0.12435003768761359,0.12435,133.7,129.69196065888605,4.008,260.35,307.3670905413662,-47.0171,False
2024-04-29,22643.400390625,22400.0,10,0.0273972602739726,0.13312006391041767,0.13312,370.85,367.9446037817419,2.9054,81.25,84.68929998192083,-3.4393,False
2024-04-29,22643.400390625,22450.0,10,0.0273972602739726,0.13054456729867953,0.130545,332.75,330.51107350362594,2.2389,93.65,97.166807844043,-3.5168,False
2024-04-29,22643.400390625,22500.0,10,0.0273972602739726,0.1280703752073308,0.12807,296.3,296.01345668288366,0.2865,106.75,112.58022916353546,-5.8302,False
2024-04-29,22643.400390625,22550.0,10,0.0273972602739726,0.12648726187773576,0.126487,262.8,262.5393723871764,0.2606,123.15,129.0171830080689,-5.8672,False
2024-04-29,22643.400390625,22600.0,10,0.0273972602739726,0.12511324860284928,0.125113,231.5,229.2036932977539,2.2963,139.95,145.59254205887882,-5.6425,False
2024-04-29,22643.400390625,22650.0,10,0.0273972602739726,0.12315859192614965,0.123159,201.35,196.14564423400435,5.2044,160.2,162.44553113536114,-2.2455,True
2024-04-29,22643.400390625,22700.0,10,0.0273972602739726,0.12030187602221197,0.120302,171.95,170.45397644668623,1.496,181.3,186.66490148827418,-5.3649,False
2024-04-29,22643.400390625,22750.0,10,0.0273972602739726,0.11857726287378088,0.118577,146.45,146.6141555606503,-0.1642,202.9,212.73611874247416,-9.8361,False
2024-04-29,22643.400390625,22800.0,10,0.0273972602739726,0.11672847965328599,0.116728,123.05,122.71202030668213,0.338,230.65,238.74502162874046,-8.095,False
2024-04-29,22643.400390625,22850.0,10,0.0273972602739726,0.1147134276321732,0.114713,101.75,98.71037430694135,3.0396,257.2,264.65441376923764,-7.4544,False
2024-04-29,22643.400390625,22900.0,10,0.0273972602739726,0.1122661292754177,0.112266,82.25,79.7975309647765,2.4525,290.15,295.6526085673081,-5.5026,False
2024-04-30,22604.849609375,22350.0,9,0.024657534246575342,0.14910306663213016,0.149103,386.35,384.27061297487677,2.0794,60.05,93.62846144960251,-33.5785,False
2024-04-30,22604.849609375,22400.0,9,0.024657534246575342,0.14296336834609716,0.142963,344.2,341.3030403639642,2.897,71.9,100.58081603745859,-28.6808,False
2024-04-30,22604.849609375,22450.0,9,0.024657534246575342,0.14037717476431433,0.140377,307.8,307.23939753590463,0.5606,82.3,116.4371004081565,-34.1371,False
2024-04-30,22604.849609375,22500.0,9,0.024657534246575342,0.13585812427661964,0.135858,270.4,270.3294276183028,0.0706,98.7,129.44705768932113,-30.7471,False
2024-04-30,22604.849609375,22550.0,9,0.024657534246575342,0.13305117904058067,0.133051,237.0,235.38970663773526,1.6103,114.2,144.42726390752554,-30.2273,False
2024-04-30,22604.849609375,22600.0,9,0.024657534246575342,0.12917030908684352,0.12917,204.0,198.59577325979893,5.4042,132.0,157.5532577283634,-25.5533,True
2024-04-30,22604.849609375,22650.0,9,0.024657534246575342,0.12733889620197264,0.127339,175.95,173.7876327748166,2.1624,150.9,182.6650444421452,-31.765,False
2024-04-30,22604.849609375,22700.0,9,0.024657534246575342,0.12454603607136333,0.124546,148.75,148.72761765988804,0.0224,174.1,207.52495652598816,-33.425,False
2024-04-30,22604.849609375,22750.0,9,0.024657534246575342,0.12162326111599137,0.121623,123.7,123.67810092324262,0.0219,198.6,232.3953669881061,-33.7954,False
2024-04-30,22604.849609375,22800.0,9,0.024657534246575342,0.12055420127886732,0.120554,103.55,101.30801293997983,2.242,226.9,259.94520620361294,-33.0452,False
2024-04-30,22604.849609375,22850.0,9,0.024657534246575342,0.1184819612773876,0.118482,84.4,81.03708826113319,3.3629,256.05,289.5942087235372,-33.5442,False
2024-05-02,22648.19921875,22400.0,7,0.019178082191780823,0.15867648040806825,0.158676,365.35,362.7652664407899,2.5847,41.55,86.66015703081922,-45.1102,False
2024-05-02,22648.19921875,22450.0,7,0.019178082191780823,0.15188137378898553,0.151881,323.3,320.7521830539412,2.5478,50.8,94.5847837094573,-43.7848,False
2024-05-02,22648.19921875,22500.0,7,0.019178082191780823,0.14703804507061288,0.147038,284.7,284.3486136679233,0.3514,61.35,108.11892438893287,-46.7689,False
2024-05-02,22648.19921875,22550.0,7,0.019178082191780823,0.14334197075731162,0.143342,249.05,248.90412834856357,0.1459,74.65,122.61214913506426,-47.9621,False
2024-05-02,22648.19921875,22600.0,7,0.019178082191780823,0.1381292584286018,0.138129,213.4,211.21161150892436,2.1884,89.95,134.8573423609116,-44.9073,False
2024-05-02,22648.19921875,22650.0,7,0.019178082191780823,0.13471495338392023,0.134715,182.0,175.71646814941676,6.2835,107.35,149.2999090669032,-41.9499,True
2024-05-02,22648.19921875,22700.0,7,0.019178082191780823,0.13071575244370198,0.130716,152.15,150.16588858284305,1.9841,127.8,173.68703956581766,-45.887,False
2024-05-02,22648.19921875,22750.0,7,0.019178082191780823,0.12746582162998069,0.127466,125.7,125.84190855637948,-0.1419,150.5,199.30076960484485,-48.8008,False
2024-05-02,22648.19921875,22800.0,7,0.019178082191780823,0.12374686783543443,0.123747,101.3,101.2414069197653,0.0586,176.7,224.63797803372276,-47.938,False
2024-05-02,22648.19921875,22850.0,7,0.019178082191780823,0.12079902778821888,0.120799,80.55,77.86886076215882,2.6811,206.35,251.20314194160397,-44.8531,False
2024-05-02,22648.19921875,22900.0,7,0.019178082191780823,0.11785837772642298,0.117858,62.55,59.721707425921906,2.8283,238.1,282.9936986708605,-44.8937,False
2024-05-03,22475.849609375,22250.0,13,0.03561643835616438,0.13783167401976293,0.137832,396.35,392.77791780633044,3.5721,99.3,115.47761337935465,-16.1776,False
2024-05-03,22475.849609375,22300.0,13,0.03561643835616438,0.13557097792047146,0.135571,359.75,358.4746897598889,1.2753,114.1,131.05876579346602,-16.9588,False
2024-05-03,22475.849609375,22350.0,13,0.03561643835616438,0.1330133293793853,0.133013,324.05,323.9608245380563,0.0892,128.55,146.42928103219592,-17.8793,False
2024-05-03,22475.849609375,22400.0,13,0.03561643835616438,0.1330951653400291,0.133095,294.15,293.57249611281657,0.5775,146.0,165.9253330675132,-19.9253,False
2024-05-03,22475.849609375,22450.0,13,0.03561643835616438,0.13148357868588892,0.131484,263.15,260.31915730657533,2.8308,166.95,182.55637472182372,-15.6064,False
2024-05-03,22475.849609375,22500.0,13,0.03561643835616438,0.12993228523479516,0.129932,233.95,231.0149042669696,2.9351,186.7,203.1365021427798,-16.4365,True
2024-05-03,22475.849609375,22550.0,13,0.03561643835616438,0.12851608206782464,0.128516,206.75,206.2242791623762,0.5257,209.6,228.2302574987412,-18.6303,False
2024-05-03,22475.849609375,22600.0,13,0.03561643835616438,0.12636875129983238,0.126369,180.15,180.26042761346233,-0.1104,234.25,252.1507864103877,-17.9008,False
2024-05-03,22475.849609375,22650.0,13,0.03561643835616438,0.1258803259553957,0.12588,158.2,157.12717099409278,1.0728,261.95,278.9019102515655,-16.9519,False
2024-05-03,22475.849609375,22700.0,13,0.03561643835616438,0.12503336932891398,0.125033,137.5,133.42741323559665,4.0726,290.95,305.08653295362905,-14.1365,False
2024-05-03,22475.849609375,22750.0,13,0.03561643835616438,0.12413151607015384,0.124132,118.55,117.42378370548494,1.1262,319.25,338.96728388407587,-19.7173,False
2024-05-06,22442.69921875,22200.0,10,0.0273972602739726,0.15827783396209885,0.158278,400.85,398.37124697018834,2.4788,94.25,116.17296248443488,-21.923,False
2024-05-06,22442.69921875,22250.0,10,0.0273972602739726,0.15545008697531795,0.15545,363.8,361.76384183082484,2.0362,107.7,129.4765954853072,-21.7766,False
2024-05-06,22442.69921875,22300.0,10,0.0273972602739726,0.1533770681920395,0.153377,329.15,328.8652788121133,0.2847,122.1,146.48907060682637,-24.3891,False
2024-05-06,22442.69921875,22350.0,10,0.0273972602739726,0.15084526248548008,0.150845,295.35,295.15564931659526,0.1944,139.35,162.69047925154263,-23.3405,False
2024-05-06,22442.69921875,22400.0,10,0.0273972602739726,0.14883975930760687,0.14884,263.9,262.03203016204156,1.868,156.45,179.47789823722252,-23.0279,False
2024-05-06,22442.69921875,22450.0,10,0.0273972602739726,0.1473407210636965,0.147341,234.9,230.7355329888158,4.1645,176.9,198.0924392042329,-21.1924,True
2024-05-06,22442.69921875,22500.0,10,0.0273972602739726,0.14500728189003267,0.145007,206.45,205.30043419074275,1.1496,199.5,222.56837854639244,-23.0684,False
2024-05-06,22442.69921875,22550.0,10,0.0273972602739726,0.14324867875111938,0.143249,180.7,180.8032977744097,-0.1033,221.95,247.9822802702923,-26.0323,False
2024-05-06,22442.69921875,22600.0,10,0.0273972602739726,0.14066284543250762,0.140663,155.65,155.17867987588374,0.4713,248.15,272.2687005120066,-24.1187,False
2024-05-06,22442.69921875,22650.0,10,0.0273972602739726,0.13942747159750118,0.139427,134.5,131.59219535439328,2.9078,276.05,298.59325413074816,-22.5433,False
2024-05-06,22442.69921875,22700.0,10,0.0273972602739726,0.13763765885520282,0.137638,114.5,112.40460557095838,2.0954,305.65,329.31670248754784,-23.6667,False
2024-05-07,22302.5,22050.0,9,0.024657534246575342,0.14600138959399697,0.146001,378.25,376.2321032871243,2.0179,90.15,88.41999794422411,1.73,False
2024-05-07,22302.5,22100.0,9,0.024657534246575342,0.14653405292368865,0.146534,344.3,341.46172076157865,2.8383,104.3,103.56954261745526,0.7305,False
2024-05-07,22302.5,22150.0,9,0.024657534246575342,0.14462123007349217,0.144621,309.0,308.45929863339745,0.5407,119.35,120.48704768803802,-1.137,False
2024-05-07,22302.5,22200.0,9,0.024657534246575342,0.14388754276984542,0.143888,276.95,276.87837814778726,0.0716,135.75,138.82605440120204,-3.0761,False
2024-05-07,22302.5,22250.0,9,0.024657534246575342,0.14198058164854044,0.141981,245.15,243.60667635304165,1.5433,155.25,155.4742798052168,-0.2243,False
2024-05-07,22302.5,22300.0,9,0.024657534246575342,0.141524873080934,0.141525,217.25,212.24020677765978,5.0098,176.0,174.02773742860865,1.9723,True
2024-05-07,22302.5,22350.0,9,0.024657534246575342,0.14139701294169013,0.141397,191.8,190.0736141347736,1.7264,200.3,201.7810719844876,-1.4811,False
2024-05-07,22302.5,22400.0,9,0.024657534246575342,0.13957316194303498,0.139573,166.0,166.0217430522895,-0.0217,225.9,227.64912810077865,-1.7491,False
2024-05-07,22302.5,22450.0,9,0.024657534246575342,0.13912932810185671,0.139129,144.15,143.93886766627196,0.2111,250.95,255.4861799135286,-4.5362,False
2024-05-07,22302.5,22500.0,9,0.024657534246575342,0.1371790990500161,0.137179,122.3,119.8672166528098,2.4328,282.35,281.334456098832,1.0155,False
2024-05-07,22302.5,22550.0,9,0.024657534246575342,0.1372230156804363,0.137223,105.1,102.39483039579324,2.7052,313.85,313.7819970405866,0.068,False
2024-05-08,22302.5,22050.0,8,0.021917808219178082,0.14077864682179603,0.140779,359.95,357.84152518092475,2.1085,71.45,73.95019280926617,-2.5002,False
2024-05-08,22302.5,22100.0,8,0.021917808219178082,0.14102586259428376,0.141026,324.85,321.8452693874084,3.0047,84.15,87.8827548561679,-3.7328,False
2024-05-08,22302.5,22150.0,8,0.021917808219178082,0.14020851708779397,0.140209,290.4,289.8623515652895,0.5376,98.3,105.82865487448075,-7.5287,False
2024-05-08,22302.5,22200.0,8,0.021917808219178082,0.13563566174221287,0.135636,253.15,253.07815762136414,0.0718,114.85,118.97327877098311,-4.1233,False
2024-05-08,22302.5,22250.0,8,0.021917808219178082,0.13496671072224967,0.134967,222.7,220.94192824307322,1.7581,132.65,136.76586723312013,-4.1159,False
2024-05-08,22302.5,22300.0,8,0.021917808219178082,0.13230573512224197,0.132306,191.8,186.0226006659987,5.7774,153.65,151.77535749647225,1.8746,True
2024-05-08,22302.5,22350.0,8,0.021917808219178082,0.1316167552711265,0.131617,165.7,163.69429981070425,2.0057,176.7,179.37587448160758,-2.6759,False
2024-05-08,22302.5,22400.0,8,0.021917808219178082,0.1305922841548665,0.130592,141.45,141.5018663989966,-0.0519,202.2,207.11225891032365,-4.9123,False
2024-05-08,22302.5,22450.0,8,0.021917808219178082,0.12928405049765054,0.129284,119.15,119.02038918935958,0.1296,229.55,234.55959954111609,-5.0096,False
2024-05-08,22302.5,22500.0,8,0.021917808219178082,0.12787104780480701,0.127871,99.05,96.50220392015369,2.5478,259.95,261.9702321123395,-2.0202,False
2024-05-08,22302.5,22550.0,8,0.021917808219178082,0.1269634954278879,0.126963,81.85,79.01336312494831,2.8366,290.9,294.4102091575577,-3.5102,False
2024-05-09,21957.5,21700.0,7,0.019178082191780823,0.17537833435854464,0.175378,383.4,381.9485303451321,1.4515,65.85,97.41469876828248,-31.5647,False
2024-05-09,21957.5,21750.0,7,0.019178082191780823,0.1703634135977373,0.170363,343.8,340.5173975189048,3.2826,76.65,105.92127600754856,-29.2713,False
2024-05-09,21957.5,21800.0,7,0.019178082191780823,0.16619223997123106,0.166192,306.45,305.7098380755992,0.7402,90.05,121.05142662973691,-31.0014,False
2024-05-09,21957.5,21850.0,7,0.019178082191780823,0.1602814271342607,0.160281,268.6,268.5962465228156,0.0038,105.45,133.87554514243928,-28.4255,False
2024-05-09,21957.5,21900.0,7,0.019178082191780823,0.16033255431873578,0.160333,239.45,238.21300987599946,1.237,123.3,153.4300185611166,-30.13,False
2024-05-09,21957.5,21950.0,7,0.019178082191780823,0.15709804872571476,0.157098,208.35,203.75491636246088,4.5951,141.1,168.90963511306748,-27.8096,True
2024-05-09,21957.5,22000.0,7,0.019178082191780823,0.1561203650621647,0.15612,182.0,180.00006861650644,1.9999,161.25,195.09249743260676,-33.8425,False
2024-05-09,21957.5,22050.0,7,0.019178082191780823,0.1529853922988555,0.152985,155.15,155.11380874829646,0.0362,183.6,220.14394762988087,-36.5439,False
2024-05-09,21957.5,22100.0,7,0.019178082191780823,0.1501794455075158,0.150179,130.9,130.77777008204345,0.1222,209.7,245.74561902912677,-36.0456,False
2024-05-09,21957.5,22150.0,7,0.019178082191780823,0.14801530155572573,0.148015,109.65,107.33382998597482,2.3162,239.5,272.2393889985504,-32.7394,False
2024-05-09,21957.5,22200.0,7,0.019178082191780823,0.1456303079293506,0.14563,90.4,87.57012568152192,2.8299,270.05,302.4133947595867,-32.3634,False
2024-05-10,22055.19921875,21800.0,13,0.03561643835616438,0.13447803398413682,0.134478,407.25,405.623511744234,1.6265,102.6,100.01417379723135,2.5858,False
2024-05-10,22055.19921875,21850.0,13,0.03561643835616438,0.13275804945908612,0.132758,370.35,367.39442081423056,2.9556,115.7,111.66946332779881,4.0305,False
2024-05-10,22055.19921875,21900.0,13,0.03561643835616438,0.13478538113069177,0.134785,340.65,339.99202046840355,0.658,132.65,134.15144344252968,-1.5014,False
2024-05-10,22055.19921875,21950.0,13,0.03561643835616438,0.13298240188466692,0.132982,306.75,306.67974412264846,0.0703,149.55,150.72354755732343,-1.1735,False
2024-05-10,22055.19921875,22000.0,13,0.03561643835616438,0.13130821306793394,0.131308,274.65,273.41430636906136,1.2357,168.3,167.342490264294,0.9575,False
2024-05-10,22055.19921875,22050.0,13,0.03561643835616438,0.1296688505013827,0.129669,244.3,240.04923301298058,4.2508,188.7,183.86179736877114,4.8382,True
2024-05-10,22055.19921875,22100.0,13,0.03561643835616438,0.12879606279030298,0.128796,217.0,215.3400545445737,1.6599,210.25,209.03699936091533,1.213,False
2024-05-10,22055.19921875,22150.0,13,0.03561643835616438,0.12856035846992592,0.12856,192.6,192.58042001351825,0.0196,233.45,236.16174529042627,-2.7117,False
2024-05-10,22055.19921875,22200.0,13,0.03561643835616438,0.12677000911406588,0.12677,167.5,167.28593006953028,0.2141,261.0,260.75163580699405,0.2484,False
2024-05-10,22055.19921875,22250.0,13,0.03561643835616438,0.1265179086535331,0.126518,146.8,144.5476671308112,2.2523,290.45,287.89775332882664,2.5522,False
2024-05-10,22055.19921875,22300.0,13,0.03561643835616438,0.12570916162252507,0.125709,127.05,124.50969333917811,2.5403,318.1,317.74415999775664,0.3558,False
2024-05-13,22104.05078125,21850.0,10,0.0273972602739726,0.15487251570949145,0.154873,400.75,399.07060676358486,1.6794,92.05,106.14349279618797,-14.0935,False
2024-05-13,22104.05078125,21900.0,10,0.0273972602739726,0.1500210089068653,0.150021,360.5,357.6226356150478,2.8774,105.9,114.60655978787966,-8.7066,False
2024-05-13,22104.05078125,21950.0,10,0.0273972602739726,0.1471004406965112,0.1471,324.05,323.43956169626665,0.6104,118.9,130.3345240093335,-11.4345,False
2024-05-13,22104.05078125,22000.0,10,0.0273972602739726,0.1460433103229127,0.146043,291.7,291.6450010458129,0.055,135.05,148.45100149911798,-13.401,False
2024-05-13,22104.05078125,22050.0,10,0.0273972602739726,0.1424520569109344,0.142452,257.45,256.1032366388752,1.3468,153.6,162.8202752324127,-9.2203,False
2024-05-13,22104.05078125,22100.0,10,0.0273972602739726,0.1432633420246732,0.143263,231.3,226.8043978434632,4.4956,174.35,183.43247457723484,-9.0825,True
2024-05-13,22104.05078125,22150.0,10,0.0273972602739726,0.14327655806456835,0.143277,205.9,204.25158531884244,1.6484,198.75,210.79070019285254,-12.0407,False
2024-05-13,22104.05078125,22200.0,10,0.0273972602739726,0.14109176153631833,0.141092,179.2,179.2017326280806,-0.0017,222.6,235.65188564232457,-13.0519,False
2024-05-13,22104.05078125,22250.0,10,0.0273972602739726,0.14085172866982648,0.140852,157.25,157.02604498873023,0.224,251.8,263.3872361432073,-11.5872,False
2024-05-13,22104.05078125,22300.0,10,0.0273972602739726,0.13854760816565742,0.138548,134.3,131.95422237025986,2.3458,275.15,288.2264516649757,-13.0765,False
2024-05-13,22104.05078125,22350.0,10,0.0273972602739726,0.13899295315160692,0.138993,117.1,114.5531517098252,2.5468,309.05,320.73641914476764,-11.6864,False
2024-05-14,22217.849609375,21950.0,9,0.024657534246575342,0.15208299074436188,0.152083,395.55,394.38656999734,1.1634,73.05,91.38500088190257,-18.335,False
2024-05-14,22217.849609375,22000.0,9,0.024657534246575342,0.14649166467770106,0.146492,353.9,349.9505721014192,3.9494,84.5,96.86893018475058,-12.3689,False
2024-05-14,22217.849609375,22050.0,9,0.024657534246575342,0.1447650639778475,0.144765,318.3,317.2201738831451,1.0798,97.15,114.05845916525158,-16.9085,False
2024-05-14,22217.849609375,22100.0,9,0.024657534246575342,0.14193394847886937,0.141934,282.9,282.8852816709897,0.0147,113.25,129.6434941518653,-16.3935,False
2024-05-14,22217.849609375,22150.0,9,0.024657534246575342,0.1401739778623535,0.140174,250.65,249.76478313774206,0.8852,130.4,146.44292281737754,-16.0429,False
2024-05-14,22217.849609375,22200.0,9,0.024657534246575342,0.13812964515945872,0.13813,219.9,216.08072035032032,3.8193,149.55,162.67878722873436,-13.1288,True
2024-05-14,22217.849609375,22250.0,9,0.024657534246575342,0.136454968087431,0.136455,191.65,188.89594197357667,2.7541,171.75,185.4139360507557,-13.6639,False
2024-05-14,22217.849609375,22300.0,9,0.024657534246575342,0.13450751422959775,0.134508,165.1,164.79373247479512,0.3063,193.95,211.23165375074322,-17.2817,False
2024-05-14,22217.849609375,22350.0,9,0.024657534246575342,0.1329991341901574,0.132999,141.3,141.39325440487428,-0.0933,221.6,237.75110287959467,-16.1511,False
2024-05-14,22217.849609375,22400.0,9,0.024657534246575342,0.13158941707151925,0.131589,119.8,118.21032240770607,1.5897,247.7,264.48809808119074,-16.7881,False
2024-05-14,22217.849609375,22450.0,9,0.024657534246575342,0.13020895483516462,0.130209,100.5,96.56245189089711,3.9375,280.5,292.76015476315285,-12.2602,False
2024-05-15,22200.55078125,21950.0,8,0.021917808219178082,0.1493660179723913,0.149366,367.1,365.01328112790594,2.0867,68.15,83.21353182539907,-15.0635,False
2024-05-15,22200.55078125,22000.0,8,0.021917808219178082,0.14560960128082365,0.14561,327.95,325.08033674055935,2.8697,80.1,93.2094052784726,-13.1094,False
2024-05-15,22200.55078125,22050.0,8,0.021917808219178082,0.14127755056817345,0.141278,289.55,289.05123510714657,0.4988,94.5,107.10912148548121,-12.6091,False
2024-05-15,22200.55078125,22100.0,8,0.021917808219178082,0.1406758571920603,0.140676,257.4,257.3144031720846,0.0856,109.5,125.30110739084688,-15.8011,False
2024-05-15,22200.55078125,22150.0,8,0.021917808219178082,0.13853435309867848,0.138534,225.3,223.5124218943335,1.7876,127.8,141.42794395352666,-13.6279,False
2024-05-15,22200.55078125,22200.0,8,0.021917808219178082,0.1373147676404943,0.137315,196.45,190.74805888027788,5.7019,147.7,158.59239877989376,-10.8924,True
2024-05-15,22200.55078125,22250.0,8,0.021917808219178082,0.13577317702455255,0.135773,169.35,167.55598340451292,1.794,170.5,185.32914114456048,-14.8291,False
2024-05-15,22200.55078125,22300.0,8,0.021917808219178082,0.1332796034227647,0.13328,143.25,143.3370563207106,-0.0871,196.0,211.03903190118314,-15.039,False
2024-05-15,22200.55078125,22350.0,8,0.021917808219178082,0.13221574200863664,0.132216,121.3,121.08164795370341,0.2184,222.55,238.71244137460732,-16.1624,False
2024-05-15,22200.55078125,22400.0,8,0.021917808219178082,0.1308507933182235,0.130851,101.25,98.52732547292965,2.7227,251.95,266.08693673425734,-14.1369,False
2024-05-15,22200.55078125,22450.0,8,0.021917808219178082,0.12886725809702268,0.128867,82.75,80.17957728268215,2.5704,285.15,297.66800638443567,-12.518,False
2024-05-16,22403.849609375,22150.0,7,0.019178082191780823,0.11646441978442648,0.116464,325.85,323.68776369221297,2.1622,62.2,42.24371332978183,19.9563,False
2024-05-16,22403.849609375,22200.0,7,0.019178082191780823,0.11754796797205873,0.117548,289.0,285.7277224278571,3.2723,72.95,54.22138213092349,18.7286,False
2024-05-16,22403.849609375,22250.0,7,0.019178082191780823,0.11701907647567615,0.117019,252.85,252.40815735449777,0.4418,87.5,70.83952712305128,16.6605,False
2024-05-16,22403.849609375,22300.0,7,0.019178082191780823,0.1170857658863328,0.117086,219.75,219.69614840103333,0.0539,102.7,88.06522823508053,14.6348,False
2024-05-16,22403.849609375,22350.0,7,0.019178082191780823,0.11608082292422188,0.116081,187.95,185.67336026869947,2.2766,123.2,103.98015016823692,19.2198,False
2024-05-16,22403.849609375,22400.0,7,0.019178082191780823,0.11680097590596888,0.116801,160.9,153.7544397943701,7.1456,141.5,121.99893975939908,19.5011,True
2024-05-16,22403.849609375,22450.0,7,0.019178082191780823,0.11714946775507265,0.117149,136.15,133.48993231902838,2.6601,162.15,151.67214234954386,10.4779,False
2024-05-16,22403.849609375,22500.0,7,0.019178082191780823,0.11542770053311463,0.115428,111.6,111.68792038963414,-0.0879,189.1,179.80784048564112,9.2922,False
2024-05-16,22403.849609375,22550.0,7,0.019178082191780823,0.11475474258835724,0.114755,91.1,91.28770763844335,-0.1877,219.9,209.34533779994354,10.5547,False
2024-05-16,22403.849609375,22600.0,7,0.019178082191780823,0.11489834833657737,0.114898,74.2,71.86081648829901,2.3392,249.3,239.85615671528822,9.4438,False
2024-05-16,22403.849609375,22650.0,7,0.019178082191780823,0.1127624793946461,0.112762,57.4,54.38259863556907,3.0174,283.85,272.3156489280557,11.5344,False
2024-05-17,22466.099609375,22200.0,13,0.03561643835616438,0.12044941600843026,0.120449,399.4,397.9281424367176,1.4719,100.9,80.49345754918288,20.4065,False
2024-05-17,22466.099609375,22250.0,13,0.03561643835616438,0.11871284360472158,0.118713,361.25,357.50149111486064,3.7485,113.55,89.95118668788295,23.5988,False
2024-05-17,22466.099609375,22300.0,13,0.03561643835616438,0.11646918196209681,0.116469,323.8,322.7947017634225,1.0053,127.7,105.12877779700023,22.5712,False
2024-05-17,22466.099609375,22350.0,13,0.03561643835616438,0.11577169791547165,0.115772,290.35,290.2865767146451,0.0634,143.2,122.50503320877804,20.695,False
2024-05-17,22466.099609375,22400.0,13,0.03561643835616438,0.11510615975535217,0.115106,258.8,257.7449225804857,1.0551,162.95,139.84775953517342,23.1022,False
2024-05-17,22466.099609375,22450.0,13,0.03561643835616438,0.11454035863510278,0.11454,229.35,225.29216053691198,4.0578,182.2,157.27937795215843,24.9206,True
2024-05-17,22466.099609375,22500.0,13,0.03561643835616438,0.11447627099296111,0.114476,202.75,200.07564966537888,2.6744,203.65,181.94724754119034,21.7028,False
2024-05-17,22466.099609375,22550.0,13,0.03561643835616438,0.11420884648844562,0.114209,177.85,177.56417658691737,0.2858,228.2,209.3201549232782,18.8798,False
2024-05-17,22466.099609375,22600.0,13,0.03561643835616438,0.11205854498138818,0.112059,151.85,151.9316918322828,-0.0817,257.8,233.57205062921088,24.2279,False
2024-05-17,22466.099609375,22650.0,13,0.03561643835616438,0.11265399901562916,0.112654,132.5,130.90896624452486,1.591,285.85,262.4337055019993,23.4163,False
2024-05-17,22466.099609375,22700.0,13,0.03561643835616438,0.11158547821717688,0.111585,112.45,108.4338483876037,4.0162,316.15,289.84296810563893,26.307,False
2024-05-21,22529.05078125,22300.0,9,0.024657534246575342,0.16344728320603763,0.163447,385.6,382.16139121787967,3.4386,80.1,117.39814061882424,-37.2981,False
2024-05-21,22529.05078125,22350.0,9,0.024657534246575342,0.16133988319513135,0.16134,350.05,348.66844684379845,1.3816,92.75,133.82512344351665,-41.0751,False
2024-05-21,22529.05078125,22400.0,9,0.024657534246575342,0.15658713969323124,0.156587,312.4,312.32214030137993,0.0779,105.75,147.39874409986632,-41.6487,False
2024-05-21,22529.05078125,22450.0,9,0.024657534246575342,0.15278464102936876,0.152785,277.45,276.95436608112277,0.4956,121.65,161.95089707838048,-40.3009,False
2024-05-21,22529.05078125,22500.0,9,0.024657534246575342,0.15130646435073564,0.151306,247.35,244.5934883259954,2.7565,138.35,179.50994652201902,-41.1599,False
2024-05-21,22529.05078125,22550.0,9,0.024657534246575342,0.14940345386556328,0.149403,218.45,215.1392835751673,3.3107,158.55,199.97566896996153,-41.4257,True
2024-05-21,22529.05078125,22600.0,9,0.024657534246575342,0.1455415330224185,0.145542,188.65,187.9795763387011,0.6704,180.1,222.7358889322627,-42.6359,False
2024-05-21,22529.05078125,22650.0,9,0.024657534246575342,0.14312776303468663,0.143128,162.85,163.0029801811425,-0.153,203.9,247.6792199734674,-43.7792,False
2024-05-21,22529.05078125,22700.0,9,0.024657534246575342,0.1408397922746359,0.14084,139.25,138.31237532205336,0.9376,231.65,272.9085423131569,-41.2585,False
2024-05-21,22529.05078125,22750.0,9,0.024657534246575342,0.13865056783534138,0.138651,117.85,113.86902760589041,3.981,257.95,298.3851217957576,-40.4351,False
2024-05-21,22529.05078125,22800.0,9,0.024657534246575342,0.13667272017117213,0.136673,98.8,97.43449944036355,1.3655,290.0,331.8705208289988,-41.8705,False
2024-05-22,22597.80078125,22350.0,8,0.021917808219178082,0.15198647584275324,0.151986,371.5,368.9598294675685,2.5402,63.25,89.340622888471,-26.0906,False
2024-05-22,22597.80078125,22400.0,8,0.021917808219178082,0.14475831512473747,0.144758,328.5,325.9765106395366,2.5235,74.15,96.28612190086369,-22.1361,False
2024-05-22,22597.80078125,22450.0,8,0.021917808219178082,0.1437715103470928,0.143772,294.3,293.935185162352,0.3648,87.65,114.17361426410687,-26.5236,False
2024-05-22,22597.80078125,22500.0,8,0.021917808219178082,0.14036422822292988,0.140364,258.85,258.6972282683018,0.1528,103.05,128.8644752104867,-25.8145,False
2024-05-22,22597.80078125,22550.0,8,0.021917808219178082,0.13768428334118885,0.137684,226.15,224.10668389750415,2.0433,118.7,144.20274868011765,-25.5027,False
2024-05-22,22597.80078125,22600.0,8,0.021917808219178082,0.135568974329892,0.135569,196.2,190.47962079958904,5.7204,138.55,160.50450342262832,-21.9545,True
2024-05-22,22597.80078125,22650.0,8,0.021917808219178082,0.13248382371514295,0.132484,167.1,165.33395779401465,1.766,163.6,185.28765825747928,-21.6877,False
2024-05-22,22597.80078125,22700.0,8,0.021917808219178082,0.13184627200340623,0.131846,143.5,143.60713529041246,-0.1071,182.75,213.48965359430775,-30.7397,False
2024-05-22,22597.80078125,22750.0,8,0.021917808219178082,0.1299347797372928,0.129935,120.5,120.28941347782241,0.2106,209.35,240.10074962214264,-30.7507,False
2024-05-22,22597.80078125,22800.0,8,0.021917808219178082,0.12763197878239277,0.127632,99.35,96.61858673900198,2.7314,240.05,266.3587407237493,-26.3087,False
2024-05-22,22597.80078125,22850.0,8,0.021917808219178082,0.12576449340385074,0.125764,81.1,78.33683873081993,2.7632,270.5,298.00581055599787,-27.5058,False
2024-05-23,22967.650390625,22700.0,7,0.019178082191780823,0.1453742131187688,0.145374,368.0,366.26352182423443,1.7365,68.25,70.33350093221306,-2.0835,False
2024-05-23,22967.650390625,22750.0,7,0.019178082191780823,0.14100586439964408,0.141006,327.35,323.4674820312069,3.8825,79.75,77.47517120466637,2.2748,False
2024-05-23,22967.650390625,22800.0,7,0.019178082191780823,0.13949535323515475,0.139495,291.35,290.4420899124367,0.9079,91.95,94.3874891513977,-2.4375,False
2024-05-23,22967.650390625,22850.0,7,0.019178082191780823,0.1367443249284986,0.136744,255.75,255.78373124468453,-0.0337,106.75,109.66684054913253,-2.9168,False
2024-05-23,22967.650390625,22900.0,7,0.019178082191780823,0.13360760371234537,0.133608,221.6,220.35558319363264,1.2444,124.2,124.17640256357221,0.0236,False
2024-05-23,22967.650390625,22950.0,7,0.019178082191780823,0.13195146652351328,0.131951,191.4,186.50318579534576,4.8968,143.2,140.26171523076974,2.9383,True
2024-05-23,22967.650390625,23000.0,7,0.019178082191780823,0.13139710260721194,0.131397,164.9,161.3767663637743,3.5232,164.3,165.07300586469512,-0.773,False
2024-05-23,22967.650390625,23050.0,7,0.019178082191780823,0.13030547288750494,0.130305,140.1,139.64039565271946,0.4596,188.25,193.27434521913167,-5.0243,False
2024-05-23,22967.650390625,23100.0,7,0.019178082191780823,0.12843533848268174,0.128435,116.75,117.03926595116818,-0.2893,214.85,220.61092558307232,-5.7609,False
2024-05-23,22967.650390625,23150.0,7,0.019178082191780823,0.12751166531999839,0.127512,97.0,95.71071248248161,1.2893,245.1,249.22008217987798,-4.1201,False
2024-05-23,22967.650390625,23200.0,7,0.019178082191780823,0.1256444645586438,0.125644,78.55,73.46214427622428,5.0879,276.8,276.9092240391102,-0.1092,False
2024-05-24,22957.099609375,22700.0,13,0.03561643835616438,0.26514993651568436,0.26515,626.6,625.4122943327463,1.1877,270.85,315.82141405077647,-44.9714,False
2024-05-24,22957.099609375,22750.0,13,0.03561643835616438,0.2631599096881585,0.26316,593.9,592.4129841260924,1.487,286.5,332.7064843046925,-46.2065,False
2024-05-24,22957.099609375,22800.0,13,0.03561643835616438,0.26203417105413174,0.262034,563.45,563.1260120610186,0.324,302.95,353.30389270016485,-50.3539,False
2024-05-24,22957.099609375,22850.0,13,0.03561643835616438,0.26223662957982274,0.262237,536.1,536.0754279890716,0.0246,320.35,376.137689088781,-55.7877,False
2024-05-24,22957.099609375,22900.0,13,0.03561643835616438,0.25624321473298134,0.256243,499.0,498.38398059948133,0.616,339.65,388.33062215974917,-48.6806,False
2024-05-24,22957.099609375,22950.0,13,0.03561643835616438,0.25443777274383944,0.254438,469.9,467.78416823718453,2.1158,360.25,407.61519025800084,-47.3652,True
2024-05-24,22957.099609375,23000.0,13,0.03561643835616438,0.2520938226728679,0.252094,440.75,439.8017136017389,0.9483,379.1,429.51711608311916,-50.4171,False
2024-05-24,22957.099609375,23050.0,13,0.03561643835616438,0.25079318967569697,0.250793,414.3,414.22660210847687,0.0734,397.4,453.8263850504121,-56.4264,False
2024-05-24,22957.099609375,23100.0,13,0.03561643835616438,0.24797814927095327,0.247978,386.15,386.04626031720534,0.1037,425.55,475.53042371969616,-49.9804,False
2024-05-24,22957.099609375,23150.0,13,0.03561643835616438,0.2458367717512939,0.245837,360.1,359.04377765009133,1.0562,452.8,498.41232151314495,-45.6123,False
2024-05-24,22957.099609375,23200.0,13,0.03561643835616438,0.24463070729384478,0.244631,336.6,334.60894888823725,1.9911,479.9,523.8618732118487,-43.9619,False
2024-05-27,22932.44921875,22700.0,10,0.0273972602739726,0.31942051517193315,0.319421,629.45,627.569632877982,1.8804,291.35,354.73172979457144,-63.3817,False
2024-05-27,22932.44921875,22750.0,10,0.0273972602739726,0.3185784287688905,0.318578,599.7,598.936929012764,0.7631,306.8,376.0100640695886,-69.2101,False
2024-05-27,22932.44921875,22800.0,10,0.0273972602739726,0.3132817930607745,0.313282,564.1,564.0383480711887,0.0617,323.8,391.0225212682535,-67.2225,False
2024-05-27,22932.44921875,22850.0,10,0.0273972602739726,0.30810239652829347,0.308102,529.4,529.210728827842,0.1893,343.45,406.1059401651393,-62.6559,False
2024-05-27,22932.44921875,22900.0,10,0.0273972602739726,0.3062937278789659,0.306294,500.55,499.3773873753257,1.1726,362.8,426.1836368528514,-63.3836,False
2024-05-27,22932.44921875,22950.0,10,0.0273972602739726,0.30568413022160185,0.305684,474.35,472.71900169089827,1.631,382.05,449.4362893086595,-67.3863,True
2024-05-27,22932.44921875,23000.0,10,0.0273972602739726,0.3013080350543003,0.301308,443.3,442.9176556296698,0.3823,405.05,469.545981387673,-64.496,False
2024-05-27,22932.44921875,23050.0,10,0.0273972602739726,0.29926784120718364,0.299268,416.65,416.67414582366536,-0.0241,426.3,493.21350972189407,-66.9135,False
2024-05-27,22932.44921875,23100.0,10,0.0273972602739726,0.2951529268463993,0.295153,387.75,387.3094104256733,0.4406,451.8,513.759812464143,-61.9598,False
2024-05-27,22932.44921875,23150.0,10,0.0273972602739726,0.2956197312451707,0.29562,366.65,364.87331040016636,1.7767,476.2,541.2347505788642,-65.0348,False
2024-05-27,22932.44921875,23200.0,10,0.0273972602739726,0.2927617832377592,0.292762,341.45,340.3741620375641,1.0758,501.35,566.6466403565017,-65.2966,False
2024-05-28,22888.150390625,22650.0,9,0.024657534246575342,0.3417336369417944,0.341734,636.45,634.8054434905886,1.6446,313.85,360.3820739079268,-46.5321,False
2024-05-28,22888.150390625,22700.0,9,0.024657534246575342,0.3399680888974322,0.339968,605.5,604.609091060488,0.8909,330.3,380.1056486765848,-49.8056,False
2024-05-28,22888.150390625,22750.0,9,0.024657534246575342,0.33592459234789784,0.335925,572.1,572.0001007772327,0.0999,347.95,397.4165855921039,-49.4666,False
2024-05-28,22888.150390625,22800.0,9,0.024657534246575342,0.33452327815075183,0.334523,543.2,543.075161109571,0.1248,367.1,418.41157312320024,-51.3116,False
2024-05-28,22888.150390625,22850.0,9,0.024657534246575342,0.3319615923903331,0.331962,513.45,512.4660077715098,0.984,386.9,437.7223469839154,-50.8223,False
2024-05-28,22888.150390625,22900.0,9,0.024657534246575342,0.33019712564035403,0.330197,485.65,483.87093381416423,1.7791,405.65,459.047200225342,-53.3972,True
2024-05-28,22888.150390625,22950.0,9,0.024657534246575342,0.32607631800354403,0.326076,455.3,454.83194020895314,0.4681,427.8,479.92813381889715,-52.1281,False
2024-05-28,22888.150390625,23000.0,9,0.024657534246575342,0.3241929896785704,0.324193,429.0,429.0204934110186,-0.0205,451.05,504.03661421972805,-52.9866,False
2024-05-28,22888.150390625,23050.0,9,0.024657534246575342,0.3212558026784905,0.321256,402.05,401.71205152596633,0.3379,473.35,526.6480995334463,-53.2981,False
2024-05-28,22888.150390625,23100.0,9,0.024657534246575342,0.31949347660802635,0.319493,377.65,376.09531243561923,1.5547,498.85,550.9512876418663,-52.1013,False
2024-05-28,22888.150390625,23150.0,9,0.024657534246575342,0.31764377057665305,0.317644,354.0,352.80433343745943,1.1957,526.95,577.5802358424824,-50.6302,False
2024-05-29,22704.69921875,22450.0,8,0.021917808219178082,0.36540937394648143,0.365409,643.55,642.4719935276743,1.078,295.5,355.81198512943627,-60.312,False
2024-05-29,22704.69921875,22500.0,8,0.021917808219178082,0.36366878383083245,0.363669,612.6,611.2418439004977,1.3582,313.0,374.5106533426853,-61.5107,False
2024-05-29,22704.69921875,22550.0,8,0.021917808219178082,0.3589190288767222,0.358919,578.45,578.1638218041442,0.2862,332.2,391.36144908675004,-59.1614,False
2024-05-29,22704.69921875,22600.0,8,0.021917808219178082,0.3605098987874832,0.36051,553.45,553.4293131222977,0.0207,352.75,416.5557582453298,-63.8058,False
2024-05-29,22704.69921875,22650.0,8,0.021917808219178082,0.35457175146235587,0.354572,519.25,518.6611282942654,0.5889,372.3,431.71639125773385,-59.4164,False
2024-05-29,22704.69921875,22700.0,8,0.021917808219178082,0.35377166621090844,0.353772,492.7,490.70209949932786,1.9979,393.1,453.68618030322574,-60.5862,True
2024-05-29,22704.69921875,22750.0,8,0.021917808219178082,0.35208974239352236,0.35209,465.8,465.01466524799406,0.7853,415.45,477.92756389231147,-62.4776,False
2024-05-29,22704.69921875,22800.0,8,0.021917808219178082,0.3513132559690966,0.351313,440.95,440.90797796526886,0.042,437.3,503.7496944500181,-66.4497,False
2024-05-29,22704.69921875,22850.0,8,0.021917808219178082,0.347554421807474,0.347554,412.95,412.8153398519895,0.1347,461.35,525.5858741771643,-64.2359,False
2024-05-29,22704.69921875,22900.0,8,0.021917808219178082,0.34640664811498245,0.346407,389.3,388.2303551840215,1.0696,488.1,550.9297073496282,-62.8297,False
2024-05-29,22704.69921875,22950.0,8,0.021917808219178082,0.3441631258625965,0.344163,365.05,363.43229589168203,1.6177,515.0,576.0604658977065,-61.0605,False
2024-05-30,22488.650390625,22250.0,7,0.019178082191780823,0.37469013681757274,0.37469,608.05,606.5343003273647,1.5157,301.4,340.164888845916,-38.7649,False
2024-05-30,22488.650390625,22300.0,7,0.019178082191780823,0.3728998898656714,0.3729,577.3,576.3016108346267,0.9984,317.25,359.8699094186664,-42.6199,False
2024-05-30,22488.650390625,22350.0,7,0.019178082191780823,0.36709646422958836,0.367096,542.45,542.3242044380501,0.1258,337.65,375.83021308758697,-38.1802,False
2024-05-30,22488.650390625,22400.0,7,0.019178082191780823,0.36696109003634314,0.366961,515.35,515.2425580815168,0.1074,359.45,398.6862767965397,-39.2363,False
2024-05-30,22488.650390625,22450.0,7,0.019178082191780823,0.36103400908508604,0.361034,481.95,480.9719944139983,0.978,383.45,414.35342319451325,-30.9034,False
2024-05-30,22488.650390625,22500.0,7,0.019178082191780823,0.3645053649758624,0.364505,461.05,459.24287548029594,1.8071,401.9,442.56201432631,-40.662,True
2024-05-30,22488.650390625,22550.0,7,0.019178082191780823,0.36375752068926986,0.363758,435.8,435.3440550149877,0.4559,424.7,468.6009039264902,-43.9009,False
2024-05-30,22488.650390625,22600.0,7,0.019178082191780823,0.3612160967468356,0.361216,409.2,409.2220702329566,-0.0221,449.65,492.416629209952,-42.7666,False
2024-05-30,22488.650390625,22650.0,7,0.019178082191780823,0.36050132764623916,0.360501,385.75,385.37647627016696,0.3735,474.95,518.5087453126466,-43.5587,False
2024-05-30,22488.650390625,22700.0,7,0.019178082191780823,0.359112853934481,0.359113,362.35,360.7038888044842,1.6461,502.15,543.7738679124568,-41.6239,False
2024-05-30,22488.650390625,22750.0,7,0.019178082191780823,0.35695670462944495,0.356957,338.9,337.83385209385716,1.0661,526.45,570.84154126732,-44.3915,False
2024-05-31,22530.69921875,22300.0,13,0.03561643835616438,0.3289529940616884,0.328953,706.95,705.4346444662348,1.5154,358.7,423.16911112481455,-64.4691,False
2024-05-31,22530.69921875,22350.0,13,0.03561643835616438,0.5066839831980562,0.506684,375.95,975.5121111854465,-599.5621,372.8,743.1309583045776,-370.331,False
2024-05-31,22530.69921875,22400.0,13,0.03561643835616438,0.3291791203753729,0.329179,652.05,651.9938467366159,0.0562,395.1,469.4970743163129,-74.3971,False
2024-05-31,22530.69921875,22450.0,13,0.03561643835616438,0.3206632424220701,0.320663,611.15,610.9911045007906,0.1589,410.7,478.3787125410441,-67.6787,False
2024-05-31,22530.69921875,22500.0,13,0.03561643835616438,0.32203357662054993,0.322034,587.55,586.564886895315,0.9851,434.05,503.83687539612225,-69.7869,False
2024-05-31,22530.69921875,22550.0,13,0.03561643835616438,0.31833095646193993,0.318331,556.1,554.8122029608506,1.2878,449.45,521.9685719222139,-72.5186,True
2024-05-31,22530.69921875,22600.0,13,0.03561643835616438,0.31311937265412443,0.313119,522.8,522.5232185472415,0.2768,474.2,539.563967969158,-65.364,False
2024-05-31,22530.69921875,22650.0,13,0.03561643835616438,0.312074614577538,0.312075,497.3,497.3137909700055,-0.0138,490.35,564.2389208524874,-73.8889,False
2024-05-31,22530.69921875,22700.0,13,0.03561643835616438,0.3073411253911703,0.307341,466.3,465.8533729784726,0.4466,519.05,582.6628833215115,-63.6129,False
2024-05-31,22530.69921875,22750.0,13,0.03561643835616438,0.30779836174318115,0.307798,444.85,443.1950274425708,1.655,539.2,609.8889182461695,-70.6889,False
2024-05-31,22530.69921875,22800.0,13,0.03561643835616438,0.30481156129652925,0.304812,418.35,417.5972532767974,0.7527,563.8,634.1755245409473,-70.3755,False
2024-06-03,23263.900390625,23000.0,10,0.0273972602739726,0.2861559258214177,0.286156,605.9,604.735044955561,1.165,262.55,299.91219883856246,-37.3622,False
2024-06-03,23263.900390625,23050.0,10,0.0273972602739726,0.2901439494446049,0.290144,582.3,580.6091315556445,1.6909,283.8,325.6973235788856,-41.8973,False
2024-06-03,23263.900390625,23100.0,10,0.0273972602739726,0.28447134763823206,0.284471,545.2,544.783235912501,0.4168,301.15,339.78246607597487,-38.6325,False
2024-06-03,23263.900390625,23150.0,10,0.0273972602739726,0.2821367267818847,0.282137,513.9,513.8874023026738,0.0126,320.3,358.79767060637596,-38.4977,False
2024-06-03,23263.900390625,23200.0,10,0.0273972602739726,0.2817952846463532,0.281795,486.5,485.9781022198379,0.5219,339.1,380.7994086637743,-41.6994,False
2024-06-03,23263.900390625,23250.0,10,0.0273972602739726,0.28441631753346314,0.284416,464.55,462.6206514802802,1.9293,362.8,407.35299606445517,-44.553,True
2024-06-03,23263.900390625,23300.0,10,0.0273972602739726,0.28193410177755707,0.281934,435.7,434.50997937959687,1.19,387.2,429.15336210399846,-41.9534,False
2024-06-03,23263.900390625,23350.0,10,0.0273972602739726,0.28534042786130115,0.28534,416.8,416.64551407041705,0.1545,406.45,461.1999349350616,-54.7499,False
2024-06-03,23263.900390625,23400.0,10,0.0273972602739726,0.28363152419484317,0.283632,390.95,390.9176512486962,0.0323,432.5,485.3831102535675,-52.8831,False
2024-06-03,23263.900390625,23450.0,10,0.0273972602739726,0.28472794005057567,0.284728,370.3,369.4908390121223,0.8092,459.6,513.8673361572348,-54.2673,False
2024-06-03,23263.900390625,23500.0,10,0.0273972602739726,0.27783691123112425,0.277837,338.4,335.9624506436313,2.4375,489.85,530.2499859289838,-40.4,False
2024-06-04,21884.5,21650.0,9,0.024657534246575342,0.3419430934461652,0.341943,612.75,611.3910697962826,1.3589,119.25,342.2195468632372,-222.9695,False
2024-06-04,21884.5,21700.0,9,0.024657534246575342,0.33549772804387185,0.335498,575.55,574.5726966553452,0.9773,438.2,355.3211009210635,82.8789,False
2024-06-04,21884.5,21750.0,9,0.024657534246575342,0.3354582453321194,0.335458,547.7,547.5837296757827,0.1163,154.7,378.25206114026923,-223.5521,False
2024-06-04,21884.5,21800.0,9,0.024657534246575342,0.33975000115778153,0.33975,526.6,526.4848813114316,0.1151,484.25,407.0731399746862,77.1769,False
2024-06-04,21884.5,21850.0,9,0.024657534246575342,0.34091613626450024,0.340916,502.15,501.1840196627684,0.966,196.8,431.6922055247942,-234.8922,False
2024-06-04,21884.5,21900.0,9,0.024657534246575342,0.3400653624995037,0.340065,475.8,474.2864460821489,1.5136,510.75,454.7145591429449,56.0354,True
2024-06-04,21884.5,21950.0,9,0.024657534246575342,0.3379403048550938,0.33794,448.55,448.2232631042404,0.3267,245.6,478.5713033638064,-232.9713,False
2024-06-04,21884.5,22000.0,9,0.024657534246575342,0.32949710588041076,0.329497,413.5,413.51726778073316,-0.0173,563.7,493.7852352390619,69.9148,False
2024-06-04,21884.5,22050.0,9,0.024657534246575342,0.3375543064797266,0.337554,401.9,401.4095483072594,0.4905,580.55,531.5974429643618,48.9526,False
2024-06-04,21884.5,22100.0,9,0.024657534246575342,0.3341648292702178,0.334165,375.5,373.6420048716753,1.858,631.5,553.7498267275467,77.7502,False
2024-06-04,21884.5,22150.0,9,0.024657534246575342,0.33758935687848673,0.337589,359.2,358.5026488660759,0.6974,635.3,588.5303979207196,46.7696,False
2024-06-05,22620.349609375,22350.0,8,0.021917808219178082,0.20091679638661755,0.200917,444.5,443.3804204846191,1.1196,208.35,141.21238578051884,67.1376,False
2024-06-05,22620.349609375,22400.0,8,0.021917808219178082,0.20218240973645296,0.202182,413.35,410.1461137997966,3.2039,225.7,157.90689693612825,67.7931,False
2024-06-05,22620.349609375,22450.0,8,0.021917808219178082,0.19802948975525034,0.198029,376.8,375.88552489739243,0.9145,237.2,173.5751258741556,63.6249,False
2024-06-05,22620.349609375,22500.0,8,0.021917808219178082,0.20513114215942968,0.205131,356.05,356.030756706988,0.0192,265.2,203.64917552416495,61.5508,False
2024-06-05,22620.349609375,22550.0,8,0.021917808219178082,0.1979203053631042,0.19792,318.2,317.60175569554485,0.5982,297.05,215.1489923531508,81.901,False
2024-06-05,22620.349609375,22600.0,8,0.021917808219178082,0.2018305222420222,0.201831,296.4,293.78666927618576,2.6133,308.75,241.26272377422748,67.4873,True
2024-06-05,22620.349609375,22650.0,8,0.021917808219178082,0.20492196667387697,0.204922,275.05,272.97967433761755,2.0703,330.25,270.3845466760814,59.8655,False
2024-06-05,22620.349609375,22700.0,8,0.021917808219178082,0.20212145151679556,0.202121,247.3,246.9878714032625,0.3121,355.5,294.3215615821498,61.1784,False
2024-06-05,22620.349609375,22750.0,8,0.021917808219178082,0.19966752582439481,0.199668,221.5,221.52005348977315,-0.0201,386.6,318.78256150908993,67.8174,False
2024-06-05,22620.349609375,22800.0,8,0.021917808219178082,0.19941152627770495,0.199412,200.1,198.9922012251551,1.1078,418.65,346.18352708489806,72.4665,False
2024-06-05,22620.349609375,22850.0,8,0.021917808219178082,0.19907840402582488,0.199078,180.05,176.5220344143144,3.528,447.0,373.64217811448765,73.3578,False
2024-06-06,22821.400390625,22550.0,7,0.019178082191780823,0.19464983443665024,0.19465,422.25,420.99534425416425,1.2547,108.75,121.50219316566408,-12.7522,False
2024-06-06,22821.400390625,22600.0,7,0.019178082191780823,0.1934582538782765,0.193458,387.5,384.0247027152957,3.4753,124.7,134.46926169228877,-9.7693,False
2024-06-06,22821.400390625,22650.0,7,0.019178082191780823,0.1871059052219156,0.187106,348.05,347.0677148898742,0.9823,139.5,147.4499839323591,-7.95,False
2024-06-06,22821.400390625,22700.0,7,0.019178082191780823,0.18644100743339626,0.186441,316.7,316.6922281550293,0.0078,157.55,167.0122072630075,-9.4622,False
2024-06-06,22821.400390625,22750.0,7,0.019178082191780823,0.1839506858346382,0.183951,284.7,284.0089355144529,0.6911,177.15,184.26662468792318,-7.1166,False
2024-06-06,22821.400390625,22800.0,7,0.019178082191780823,0.18417059267998873,0.184171,257.7,254.63234959324012,3.0677,196.05,204.82774883219628,-8.7777,True
2024-06-06,22821.400390625,22850.0,7,0.019178082191780823,0.18390503678383702,0.183905,231.8,229.2032043644702,2.5968,215.6,229.33631366891768,-13.7363,False
2024-06-06,22821.400390625,22900.0,7,0.019178082191780823,0.18192180248554107,0.181922,205.45,205.03252188855544,0.4175,240.4,255.10334125849394,-14.7033,False
2024-06-06,22821.400390625,22950.0,7,0.019178082191780823,0.1815865069478624,0.181587,182.9,182.97623900338127,-0.0762,261.75,282.98476843880985,-21.2348,False
2024-06-06,22821.400390625,23000.0,7,0.019178082191780823,0.17784877325672088,0.177849,157.9,156.76321119496654,1.1368,293.05,306.70945069589277,-13.6595,False
2024-06-06,22821.400390625,23050.0,7,0.019178082191780823,0.17672082742308873,0.176721,137.9,133.83349203780668,4.0665,324.45,333.71744160421474,-9.2674,False
2024-06-07,23290.150390625,23050.0,13,0.03561643835616438,0.16013730608478222,0.160137,449.95,447.01845836553645,2.9315,183.85,153.56746005746967,30.2825,False
2024-06-07,23290.150390625,23100.0,13,0.03561643835616438,0.1573404281733614,0.15734,413.25,411.76822611341345,1.4818,200.0,168.20160826590336,31.7984,False
2024-06-07,23290.150390625,23150.0,13,0.03561643835616438,0.15851728632330567,0.158517,384.35,384.17835980048187,0.1716,216.65,190.49612241353677,26.1539,False
2024-06-07,23290.150390625,23200.0,13,0.03561643835616438,0.15591051818294563,0.155911,350.45,350.1877590331434,0.2622,234.85,206.38990210675553,28.4601,False
2024-06-07,23290.150390625,23250.0,13,0.03561643835616438,0.1556485743730043,0.155649,321.9,320.11531126948364,1.7847,254.7,226.20183480364682,28.4982,False
2024-06-07,23290.150390625,23300.0,13,0.03561643835616438,0.15450831003134075,0.154508,293.25,289.8232417177228,3.4268,275.6,245.79414571244337,29.8059,True
2024-06-07,23290.150390625,23350.0,13,0.03561643835616438,0.15354545303271286,0.153545,266.35,265.3853324581269,0.9647,299.6,271.2406169134086,28.3594,False
2024-06-07,23290.150390625,23400.0,13,0.03561643835616438,0.15248648620075597,0.152486,240.75,240.8019084557912,-0.0519,324.15,296.54157337162883,27.6084,False
2024-06-07,23290.150390625,23450.0,13,0.03561643835616438,0.1514338773731563,0.151434,216.65,216.25585968694833,0.3941,344.8,321.87990506334404,22.9201,False
2024-06-07,23290.150390625,23500.0,13,0.03561643835616438,0.15146102834755779,0.151461,195.9,193.59561013541958,2.3044,376.65,349.10403597237723,27.546,False
2024-06-07,23290.150390625,23550.0,13,0.03561643835616438,0.15039568915380191,0.150396,174.75,172.45151309326843,2.2985,410.85,377.8443193907824,33.0057,False
2024-06-10,23259.19921875,23000.0,10,0.0273972602739726,0.14738701528178846,0.147387,406.1,403.84236861375797,2.2576,163.3,103.72069437174555,59.5793,False
2024-06-10,23259.19921875,23050.0,10,0.0273972602739726,0.13714857542185438,0.137149,357.95,355.08916752551863,2.8608,180.0,104.87853142375567,75.1215,False
2024-06-10,23259.19921875,23100.0,10,0.0273972602739726,0.14420990343492363,0.14421,335.0,334.434004221049,0.566,197.3,134.13440625952092,63.1656,False
2024-06-10,23259.19921875,23150.0,10,0.0273972602739726,0.14148687140051874,0.141487,300.05,299.9874355457473,0.0626,220.7,149.5988757244469,71.1011,False
2024-06-10,23259.19921875,23200.0,10,0.0273972602739726,0.1426044723970586,0.142604,272.45,271.1355729715124,1.3144,239.6,170.65805129044935,68.9419,False
2024-06-10,23259.19921875,23250.0,10,0.0273972602739726,0.14719061491833318,0.147191,252.0,247.79371907626444,4.2063,261.0,197.2272355354368,63.7728,True
2024-06-10,23259.19921875,23300.0,10,0.0273972602739726,0.14492019471449394,0.14492,222.9,220.7791504021847,2.1208,284.0,220.12370500159057,63.8763,False
2024-06-10,23259.19921875,23350.0,10,0.0273972602739726,0.14550853480587453,0.145509,199.95,199.77125437857228,0.1787,310.5,249.0268471182077,61.4732,False
2024-06-10,23259.19921875,23400.0,10,0.0273972602739726,0.14345767053994826,0.143458,174.75,174.7476539172754,0.0023,336.2,273.91428479715165,62.2857,False
2024-06-10,23259.19921875,23450.0,10,0.0273972602739726,0.1438621381681196,0.143862,155.05,153.46914725647838,1.5809,362.3,302.54681627659244,59.7532,False
2024-06-10,23259.19921875,23500.0,10,0.0273972602739726,0.14233997308463925,0.14234,134.25,130.29224671714843,3.9578,399.9,329.28095387749033,70.619,False
2024-06-11,23264.849609375,23000.0,9,0.024657534246575342,0.13953363447128891,0.139534,387.7,385.62680476583154,2.0732,96.1,83.94370682453714,12.1563,False
2024-06-11,23264.849609375,23050.0,9,0.024657534246575342,0.13524513553022488,0.135245,347.1,343.7426179004623,3.3574,109.7,91.97944715794078,17.7206,False
2024-06-11,23264.849609375,23100.0,9,0.024657534246575342,0.1386396114680911,0.13864,318.0,317.2518900670853,0.7481,123.0,115.40864652333184,7.5914,False
2024-06-11,23264.849609375,23150.0,9,0.024657534246575342,0.1392478830942035,0.139248,287.25,287.2277103544379,0.0223,140.3,135.30439400946108,4.9956,False
2024-06-11,23264.849609375,23200.0,9,0.024657534246575342,0.13730321791271552,0.137303,254.8,253.59562091580398,1.2044,160.6,151.5922317695953,9.0078,False
2024-06-11,23264.849609375,23250.0,9,0.024657534246575342,0.13464284408369162,0.134643,223.15,218.71425625858018,4.4357,180.9,166.63079431113857,14.2692,True
2024-06-11,23264.849609375,23300.0,9,0.024657534246575342,0.13539614466369818,0.135396,198.4,195.59396248771128,2.806,201.55,193.43042773903989,8.1196,False
2024-06-11,23264.849609375,23350.0,9,0.024657534246575342,0.13500505648070993,0.135005,174.0,173.65423291372144,0.3458,225.2,221.41062536381918,3.7894,False
2024-06-11,23264.849609375,23400.0,9,0.024657534246575342,0.1314992091602698,0.131499,147.15,147.29315917790018,-0.1432,256.5,244.96947882675934,11.5305,False
2024-06-11,23264.849609375,23450.0,9,0.024657534246575342,0.1318914447790905,0.131891,127.95,126.57750699293072,1.3725,281.95,274.17375384056277,7.7762,False
2024-06-11,23264.849609375,23500.0,9,0.024657534246575342,0.13182613790045408,0.131826,110.05,105.24170752442964,4.8083,313.75,302.75788157082604,10.9921,False
2024-06-12,23322.94921875,23050.0,8,0.021917808219178082,0.12936629157182974,0.129366,370.35,368.6191311253374,1.7309,78.3,62.85493681221893,15.4451,False
2024-06-12,23322.94921875,23100.0,8,0.021917808219178082,0.12855393088341463,0.128554,332.8,328.6561713837373,4.1438,90.95,72.82079491104761,18.1292,False
2024-06-12,23322.94921875,23150.0,8,0.021917808219178082,0.1266817771219106,0.126682,295.75,294.70641381743246,1.0436,105.65,88.79985518516932,16.8501,False
2024-06-12,23322.94921875,23200.0,8,0.021917808219178082,0.12678179000642711,0.126782,263.05,263.0729685796061,-0.023,122.15,107.09522778776763,15.0548,False
2024-06-12,23322.94921875,23250.0,8,0.021917808219178082,0.12721050829344746,0.127211,232.95,231.8945495006874,1.0555,140.85,125.84562654928209,15.0044,False
2024-06-12,23322.94921875,23300.0,8,0.021917808219178082,0.12577456321501737,0.125775,202.55,198.14415613646074,4.4058,161.3,142.02405102547314,19.2759,True
2024-06-12,23322.94921875,23350.0,8,0.021917808219178082,0.1256711535796159,0.125671,176.2,172.21964428226812,3.9804,183.85,166.0283570117066,17.8216,False
2024-06-12,23322.94921875,23400.0,8,0.021917808219178082,0.12539338593366414,0.125393,151.9,151.18720141696764,0.7128,209.3,194.92473198683913,14.3753,False
2024-06-12,23322.94921875,23450.0,8,0.021917808219178082,0.12531265978529246,0.125313,130.15,130.44102263377212,-0.291,237.1,224.10737104406923,12.9926,False
2024-06-12,23322.94921875,23500.0,8,0.021917808219178082,0.12459358509299621,0.124594,109.8,108.86893612509829,0.9311,267.15,252.46410237582444,14.6859,False
2024-06-12,23322.94921875,23550.0,8,0.021917808219178082,0.12428621813190105,0.124286,92.2,87.87136064981021,4.3286,299.8,281.39534474096024,18.4047,False
2024-06-13,23398.900390625,23150.0,7,0.019178082191780823,0.07315546172987682,0.073155,291.55,289.5150089240739,2.035,59.25,11.774378621466779,47.4756,False
2024-06-13,23398.900390625,23200.0,7,0.019178082191780823,0.0814542446081364,0.081454,255.8,254.43615013918145,1.3638,71.5,26.633229902071143,44.8668,False
2024-06-13,23398.900390625,23250.0,7,0.019178082191780823,0.08540974094014346,0.08541,221.05,221.51258057191944,-0.4626,86.95,43.64737040029509,43.3026,False
2024-06-13,23398.900390625,23300.0,7,0.019178082191780823,0.08748319882004513,0.087483,188.1,187.6775323320897,0.4225,104.65,59.75003222596371,44.9,False
2024-06-13,23398.900390625,23350.0,7,0.019178082191780823,0.08952735963575907,0.089527,158.7,154.41670375980232,4.2833,125.35,76.42691371916229,48.9231,False
2024-06-13,23398.900390625,23400.0,7,0.019178082191780823,0.09105794819363615,0.091058,132.2,121.36725543741528,10.8327,148.55,93.31517546226229,55.2348,True
2024-06-13,23398.900390625,23450.0,7,0.019178082191780823,0.09249352751881035,0.092494,109.0,105.51371681730078,3.4863,174.05,127.39934690763815,46.6507,False
2024-06-13,23398.900390625,23500.0,7,0.019178082191780823,0.09288938843834177,0.092889,87.75,88.08371608592307,-0.3337,204.4,159.90705624175774,44.4929,False
2024-06-13,23398.900390625,23550.0,7,0.019178082191780823,0.09349123474201787,0.093491,69.9,70.81469402172516,-0.9147,234.8,192.57574424304812,42.2243,False
2024-06-13,23398.900390625,23600.0,7,0.019178082191780823,0.09394846135629993,0.093948,54.8,53.27917265030544,1.5208,271.95,224.9779329371156,46.9721,False
2024-06-13,23398.900390625,23650.0,7,0.019178082191780823,0.09493767579887508,0.094938,42.9,39.621232974542465,3.2788,307.8,261.25770332684687,46.5423,False
2024-06-14,23465.599609375,23200.0,13,0.03561643835616438,0.08717941486958389,0.087179,362.75,360.3283728480676,2.4216,90.9,41.08129717168114,49.8187,False
2024-06-14,23465.599609375,23250.0,13,0.03561643835616438,0.08942632998258412,0.089426,327.15,323.5214029259123,3.6286,104.65,54.15870771007366,50.4913,False
2024-06-14,23465.599609375,23300.0,13,0.03561643835616438,0.08938999627131132,0.08939,290.7,289.9023417533409,0.7977,119.8,70.42402699806999,49.376,False
2024-06-14,23465.599609375,23350.0,13,0.03561643835616438,0.08875013228270212,0.08875,255.45,255.30479962307314,0.1452,137.45,85.71086532835733,51.7391,False
2024-06-14,23465.599609375,23400.0,13,0.03561643835616438,0.09107539220852719,0.091075,227.4,225.65523022604128,1.7448,155.0,105.94567639188708,49.0543,False
2024-06-14,23465.599609375,23450.0,13,0.03561643835616438,0.09122823738186597,0.091228,198.25,192.5404979232423,5.7095,178.1,122.71532454963837,55.3847,True
2024-06-14,23465.599609375,23500.0,13,0.03561643835616438,0.09209526891386427,0.092095,172.8,169.08467303717322,3.7153,199.7,149.14388012413042,50.5561,False
2024-06-14,23465.599609375,23550.0,13,0.03561643835616438,0.09222330469743498,0.092223,148.5,148.02470797220442,0.4753,225.3,177.96829551971388,47.3317,False
2024-06-14,23465.599609375,23600.0,13,0.03561643835616438,0.0910764834607385,0.091076,124.4,124.76020725536311,-0.3602,255.95,204.5881752634352,51.3618,False
2024-06-14,23465.599609375,23650.0,13,0.03561643835616438,0.09085634820655529,0.090856,104.35,103.1558159180323,1.1942,284.35,232.8681643866554,51.4818,False
2024-06-14,23465.599609375,23700.0,13,0.03561643835616438,0.0912588421817594,0.091259,87.65,82.5825448664071,5.0675,318.55,262.17927379558955,56.3707,False
2024-06-18,23557.900390625,23300.0,9,0.024657534246575342,0.10172116630166178,0.101721,341.0,338.03002906074494,2.97,72.8,42.8157130620756,29.9843,False
2024-06-18,23557.900390625,23350.0,9,0.024657534246575342,0.1026110647208401,0.102611,304.0,301.0381768682922,2.9618,85.45,55.743788068390344,29.7062,False
2024-06-18,23557.900390625,23400.0,9,0.024657534246575342,0.10210969471823393,0.10211,267.55,267.16173502666936,0.3883,99.2,71.78727342553015,27.4127,False
2024-06-18,23557.900390625,23450.0,9,0.024657534246575342,0.10366684873078713,0.103667,236.15,236.01041723526544,0.1396,114.9,90.55588283289686,24.3441,False
2024-06-18,23557.900390625,23500.0,9,0.024657534246575342,0.10091358847349888,0.100914,201.25,198.84768439729328,2.4023,132.6,103.3130771936942,29.2869,False
2024-06-18,23557.900390625,23550.0,9,0.024657534246575342,0.1026223284372982,0.102622,175.2,168.10661082440984,7.0934,153.7,122.4919308195797,31.2081,True
2024-06-18,23557.900390625,23600.0,9,0.024657534246575342,0.1016619888457161,0.101662,147.9,144.48079150090354,3.4192,176.45,148.78603869484587,27.664,False
2024-06-18,23557.900390625,23650.0,9,0.024657534246575342,0.10050315344638816,0.100503,122.95,122.75317746793283,0.1968,201.25,176.97835186064287,24.2716,False
2024-06-18,23557.900390625,23700.0,9,0.024657534246575342,0.09941787011765162,0.099418,100.8,101.27030192588529,-0.4703,231.0,205.41540351736649,25.5846,False
2024-06-18,23557.900390625,23750.0,9,0.024657534246575342,0.09892904975326727,0.098929,82.15,80.71967832708889,1.4303,261.4,234.7847071173309,26.6153,False
2024-06-18,23557.900390625,23800.0,9,0.024657534246575342,0.09805824944625809,0.098058,65.55,60.67186585340976,4.8781,294.5,264.65682184242314,29.8432,False
2024-06-19,23516.0,23250.0,8,0.021917808219178082,0.09312586793461669,0.093126,329.8,327.69092453622835,2.1091,73.95,28.591220334820417,45.3588,False
2024-06-19,23516.0,23300.0,8,0.021917808219178082,0.09468805440138714,0.094688,291.45,288.00467230594575,3.4453,88.05,38.83378594495949,49.2162,False
2024-06-19,23516.0,23350.0,8,0.021917808219178082,0.1002096498071198,0.10021,260.4,259.86786039593306,0.5321,102.25,60.62579187537161,41.6242,False
2024-06-19,23516.0,23400.0,8,0.021917808219178082,0.09982191999359659,0.099822,225.5,225.53314090150016,-0.0331,119.65,76.2198902213708,43.4301,False
2024-06-19,23516.0,23450.0,8,0.021917808219178082,0.10099896249143255,0.100999,195.25,193.25087225234705,1.9991,138.95,93.86643941264008,45.0836,False
2024-06-19,23516.0,23500.0,8,0.021917808219178082,0.10100373765516904,0.101004,166.25,159.49242351267634,6.7576,160.65,110.03680851340276,50.6132,True
2024-06-19,23516.0,23550.0,8,0.021917808219178082,0.10262513644222208,0.102625,142.3,137.84553856750162,4.4545,182.95,138.31874140865767,44.6313,False
2024-06-19,23516.0,23600.0,8,0.021917808219178082,0.10276957871676715,0.10277,119.1,118.5412217920138,0.5588,211.05,168.94324247359614,42.1068,False
2024-06-19,23516.0,23650.0,8,0.021917808219178082,0.10296500369521905,0.102965,98.7,99.28376446053463,-0.5838,238.25,199.61460298253976,38.6354,False
2024-06-19,23516.0,23700.0,8,0.021917808219178082,0.10282535101468195,0.102825,80.5,79.5818402138438,0.9182,272.5,229.8414965762754,42.6585,False
2024-06-19,23516.0,23750.0,8,0.021917808219178082,0.10332335460478616,0.103323,65.6,60.65518048820129,4.9448,306.05,260.84365469106115,45.2063,False
2024-06-20,23567.0,23300.0,7,0.019178082191780823,0.10862791609469025,0.108628,335.45,333.24292034076853,2.2071,49.95,37.21581085963458,12.7342,False
2024-06-20,23567.0,23350.0,7,0.019178082191780823,0.10683081756629885,0.106831,294.85,291.2672242673229,3.5828,60.0,45.177824851678096,14.8222,False
2024-06-20,23567.0,23400.0,7,0.019178082191780823,0.10621932959104373,0.106219,257.45,256.939725786299,0.5103,73.15,60.788036436153064,12.362,False
2024-06-20,23567.0,23450.0,7,0.019178082191780823,0.1053469813599741,0.105347,222.1,222.18891533184092,-0.0889,87.9,75.97493604718582,11.9251,False
2024-06-20,23567.0,23500.0,7,0.019178082191780823,0.10488754773750185,0.104888,189.8,187.79689224164588,2.0031,104.55,91.52062302247398,13.0294,False
2024-06-20,23567.0,23550.0,7,0.019178082191780823,0.10438334841005778,0.104383,160.2,153.25056059816745,6.9494,124.85,106.91200144448985,17.938,True
2024-06-20,23567.0,23600.0,7,0.019178082191780823,0.10347998282508684,0.10348,132.95,128.00093582596875,4.9491,146.8,131.6000867377812,15.1999,False
2024-06-20,23567.0,23650.0,7,0.019178082191780823,0.10258367767797304,0.102584,108.65,107.98454304810701,0.6655,172.7,161.5214040254112,11.1786,False
2024-06-20,23567.0,23700.0,7,0.019178082191780823,0.10126830214484145,0.101268,86.8,87.59409264103607,-0.7941,199.75,191.06866368383484,8.6813,False
2024-06-20,23567.0,23750.0,7,0.019178082191780823,0.10012879781895417,0.100129,68.15,67.613727061754,0.5363,233.15,221.02600817004267,12.124,False
2024-06-20,23567.0,23800.0,7,0.019178082191780823,0.09895531401585249,0.098955,52.35,47.78634786071099,4.5637,265.9,251.13633903449065,14.7637,False
2024-06-21,23501.099609375,23250.0,13,0.03561643835616438,0.11696709699563404,0.116967,393.0,389.8713734737465,3.1286,94.0,85.00867825791339,8.9913,False
2024-06-21,23501.099609375,23300.0,13,0.03561643835616438,0.11108184271838875,0.111082,348.85,346.4460281198426,2.404,106.9,91.46771336456592,15.4323,False
2024-06-21,23501.099609375,23350.0,13,0.03561643835616438,0.10928740563517425,0.109287,312.2,311.8090340985065,0.391,123.25,106.7150998037958,16.5349,False
2024-06-21,23501.099609375,23400.0,13,0.03561643835616438,0.10824425807527158,0.108244,278.45,278.1941190398573,0.2559,140.15,122.98456520569434,17.1654,False
2024-06-21,23501.099609375,23450.0,13,0.03561643835616438,0.10925545212212164,0.109255,250.1,248.02475277696044,2.0752,161.25,142.6995794033565,18.5504,False
2024-06-21,23501.099609375,23500.0,13,0.03561643835616438,0.11246179642007093,0.112462,227.7,221.9811772807219,5.7188,177.3,166.54038436767678,10.7596,True
2024-06-21,23501.099609375,23550.0,13,0.03561643835616438,0.10918190096259578,0.109182,195.95,193.88956977601333,2.0604,200.55,188.33315732352267,12.2168,False
2024-06-21,23501.099609375,23600.0,13,0.03561643835616438,0.11050972704460287,0.11051,174.35,174.3126990177015,0.0373,225.25,218.64066702576673,6.6093,False
2024-06-21,23501.099609375,23650.0,13,0.03561643835616438,0.10788816540280324,0.107888,147.85,147.81300129074225,0.037,253.5,242.02534975937098,11.4747,False
2024-06-21,23501.099609375,23700.0,13,0.03561643835616438,0.10736088474025762,0.107361,127.1,125.03682811163955,2.0632,277.45,269.13355704082466,8.3164,False
2024-06-21,23501.099609375,23750.0,13,0.03561643835616438,0.10858873529815817,0.108589,111.25,107.35748131538452,3.8925,305.2,301.33859070512233,3.8614,False
2024-06-24,23537.849609375,23300.0,10,0.0273972602739726,0.1425537914616383,0.142554,387.5,383.578636952146,3.9214,93.7,104.27280092655093,-10.5728,False
2024-06-24,23537.849609375,23350.0,10,0.0273972602739726,0.1399035381097194,0.139904,350.15,348.5819967707066,1.568,105.15,119.18719888535003,-14.0372,False
2024-06-24,23537.849609375,23400.0,10,0.0273972602739726,0.1359169333171923,0.135917,312.25,312.12977258253505,0.1202,120.9,132.6460128374108,-11.746,False
2024-06-24,23537.849609375,23450.0,10,0.0273972602739726,0.13411178107694566,0.134112,279.05,278.60541877052617,0.4446,136.35,149.03269716563887,-12.6827,False
2024-06-24,23537.849609375,23500.0,10,0.0273972602739726,0.13153970471030846,0.13154,246.4,243.7118191525317,2.6882,155.35,164.0501356878799,-8.7001,False
2024-06-24,23537.849609375,23550.0,10,0.0273972602739726,0.13038737730736222,0.130387,217.75,213.14629140691147,4.6037,174.9,183.3956460824944,-8.4956,True
2024-06-24,23537.849609375,23600.0,10,0.0273972602739726,0.12837839650857455,0.128378,189.7,188.42043422186737,1.2796,196.55,208.58082703768497,-12.0308,False
2024-06-24,23537.849609375,23650.0,10,0.0273972602739726,0.12685617686525713,0.126856,164.4,164.55065281304724,-0.1507,220.8,234.62208376909683,-13.8221,False
2024-06-24,23537.849609375,23700.0,10,0.0273972602739726,0.12510738400663698,0.125107,140.8,140.42402114531984,0.376,249.85,260.40649024161115,-10.5565,False
2024-06-24,23537.849609375,23750.0,10,0.0273972602739726,0.12425161578963341,0.124252,120.6,117.72169748812601,2.8783,276.05,287.61520472464775,-11.5652,False
2024-06-24,23537.849609375,23800.0,10,0.0273972602739726,0.12322046457588831,0.12322,102.15,99.29898309630443,2.851,310.75,319.10352847305865,-8.3535,False
2024-06-25,23721.30078125,23450.0,9,0.024657534246575342,0.144116958881289,0.144117,401.9,399.89108431324485,2.0089,85.55,91.03615928588181,-5.4862,False
2024-06-25,23721.30078125,23500.0,9,0.024657534246575342,0.1416204373011334,0.14162,363.75,360.26524448580466,3.4848,96.75,101.33024665721038,-4.5802,False
2024-06-25,23721.30078125,23550.0,9,0.024657534246575342,0.13260743552062032,0.132607,318.15,317.26458412285353,0.8854,109.45,108.24951349302435,1.2005,False
2024-06-25,23721.30078125,23600.0,9,0.024657534246575342,0.13509018150878305,0.13509,289.6,289.5891138992391,0.0109,124.85,130.49397046818052,-5.644,False
2024-06-25,23721.30078125,23650.0,9,0.024657534246575342,0.13330425233832222,0.133304,257.0,255.94429886301742,1.0557,142.6,146.76908263072903,-4.1691,False
2024-06-25,23721.30078125,23700.0,9,0.024657534246575342,0.1317911928196821,0.131791,226.65,222.52872124437727,4.1213,160.7,163.2734322108532,-2.5734,True
2024-06-25,23721.30078125,23750.0,9,0.024657534246575342,0.1304751307059165,0.130475,198.55,195.02767383771254,3.5223,180.3,185.69231200296264,-5.3923,False
2024-06-25,23721.30078125,23800.0,9,0.024657534246575342,0.12856328449462118,0.128563,171.6,170.95090200978814,0.6491,205.55,211.5354673738106,-5.9855,False
2024-06-25,23721.30078125,23850.0,9,0.024657534246575342,0.12678431168439316,0.126784,146.95,147.18461748988477,-0.2346,229.9,237.68911005266912,-7.7891,False
2024-06-25,23721.30078125,23900.0,9,0.024657534246575342,0.12503782651339965,0.125038,124.5,123.58026522536034,0.9197,259.15,264.00468498691527,-4.8547,False
2024-06-25,23721.30078125,23950.0,9,0.024657534246575342,0.12440199708167686,0.124402,105.75,101.63355467609351,4.1164,289.45,291.97790163641724,-2.5279,False
2024-06-26,23868.80078125,23600.0,8,0.021917808219178082,0.13610896934096764,0.136109,378.8,376.4223252643902,2.3777,76.9,74.0235646959672,2.8764,False
2024-06-26,23868.80078125,23650.0,8,0.021917808219178082,0.13358582518925935,0.133586,340.0,336.5474406284669,3.4526,89.25,84.0774979004788,5.1725,False
2024-06-26,23868.80078125,23700.0,8,0.021917808219178082,0.1333643650958858,0.133364,305.65,304.89414219683954,0.7559,102.05,102.35301730927351,-0.303,False
2024-06-26,23868.80078125,23750.0,8,0.021917808219178082,0.1317771099331075,0.131777,271.4,271.39966632223934,0.0003,118.2,118.7873592751045,-0.5874,False
2024-06-26,23868.80078125,23800.0,8,0.021917808219178082,0.13030620784622549,0.130306,239.2,237.893255964655,1.3067,135.65,135.20976675793895,0.4402,False
2024-06-26,23868.80078125,23850.0,8,0.021917808219178082,0.12846527483820586,0.128465,208.5,203.6864669041425,4.8135,156.1,150.93179553785544,5.1682,True
2024-06-26,23868.80078125,23900.0,8,0.021917808219178082,0.1270423497858765,0.127042,180.5,176.77996329501644,3.72,177.7,173.95410976915883,3.7459,False
2024-06-26,23868.80078125,23950.0,8,0.021917808219178082,0.12586419643831565,0.125864,155.05,154.42094003262235,0.6291,201.35,201.52390434719314,-0.1739,False
2024-06-26,23868.80078125,24000.0,8,0.021917808219178082,0.12428677742752751,0.124287,131.3,131.60301598207235,-0.303,227.05,228.63479813706644,-1.5848,False
2024-06-26,23868.80078125,24050.0,8,0.021917808219178082,0.12327125234771848,0.123271,110.6,109.6544133230942,0.9456,257.5,256.61501331851764,0.885,False
2024-06-26,23868.80078125,24100.0,8,0.021917808219178082,0.12253949532128977,0.122539,92.5,88.15345855221523,4.3465,288.85,285.04287638806636,3.8071,False
2024-06-27,24044.5,23800.0,7,0.019178082191780823,0.10486397460189452,0.104864,316.65,312.11726986982654,4.5327,81.45,37.96726104359853,43.4827,False
2024-06-27,24044.5,23850.0,7,0.019178082191780823,0.10030616917410688,0.100306,273.8,272.2283645346291,1.5716,95.35,48.01606577390277,47.3339,False
2024-06-27,24044.5,23900.0,7,0.019178082191780823,0.10555711716227713,0.105557,243.8,243.92350484547813,-0.1235,110.1,69.64891615023097,40.4511,False
2024-06-27,24044.5,23950.0,7,0.019178082191780823,0.10890105729302162,0.108901,214.9,214.33825978336188,0.5617,127.25,90.00138115361143,37.2486,False
2024-06-27,24044.5,24000.0,7,0.019178082191780823,0.10714685629605405,0.107147,182.4,178.50212975238367,3.8979,146.8,104.10296118812971,42.697,False
2024-06-27,24044.5,24050.0,7,0.019178082191780823,0.10837339603470052,0.108373,156.45,148.21415011813497,8.2358,168.7,123.75269161937149,44.9473,True
2024-06-27,24044.5,24100.0,7,0.019178082191780823,0.10734884877367343,0.107349,130.3,127.62423538450088,2.6758,192.7,153.1004869512289,39.5995,False
2024-06-27,24044.5,24150.0,7,0.019178082191780823,0.1082137183236782,0.108214,109.4,109.61149761469633,-0.2115,218.35,185.02545924691566,33.3245,False
2024-06-27,24044.5,24200.0,7,0.019178082191780823,0.10614749954799794,0.106147,87.45,87.89209588954857,-0.4421,248.95,213.24376758725626,35.7062,False
2024-06-27,24044.5,24250.0,7,0.019178082191780823,0.10626763201711942,0.106268,70.95,68.98263749135394,1.9674,281.75,244.27201925455103,37.478,False
2024-06-27,24044.5,24300.0,7,0.019178082191780823,0.10598461817509253,0.105985,56.45,52.461113709983145,3.9889,315.45,277.68820553867346,37.7618,False
2024-06-28,24010.599609375,23750.0,13,0.03561643835616438,0.13579281952085953,0.135793,433.4,430.7473486604699,2.6527,107.1,115.2284580502166,-8.1285,False
2024-06-28,24010.599609375,23800.0,13,0.03561643835616438,0.13482804133312293,0.134828,398.0,395.5591993516616,2.4408,119.65,129.9246892019603,-10.2747,False
2024-06-28,24010.599609375,23850.0,13,0.03561643835616438,0.13227085019143786,0.132271,361.3,360.797192350546,0.5028,135.2,145.04706266139897,-9.8471,False
2024-06-28,24010.599609375,23900.0,13,0.03561643835616438,0.1299950828390689,0.129995,326.4,326.29304853961384,0.107,150.3,160.42729931102838,-10.1273,False
2024-06-28,24010.599609375,23950.0,13,0.03561643835616438,0.131116280398109,0.131116,298.95,297.6230105763706,1.327,169.6,181.64164180833683,-12.0416,False
2024-06-28,24010.599609375,24000.0,13,0.03561643835616438,0.12955047016857485,0.12955,268.4,264.1452027429635,4.2548,189.0,198.0482144354905,-9.0482,True
2024-06-28,24010.599609375,24050.0,13,0.03561643835616438,0.12863392243301278,0.128634,240.65,238.32912648401702,2.3209,210.5,222.1165186371007,-11.6165,False
2024-06-28,24010.599609375,24100.0,13,0.03561643835616438,0.1268635557880686,0.126864,213.05,212.76359712394577,0.2864,232.35,246.43536973759257,-14.0854,False
2024-06-28,24010.599609375,24150.0,13,0.03561643835616438,0.12607269298925752,0.126073,188.95,189.0164420518755,-0.0664,258.75,272.57259512607465,-13.8226,False
2024-06-28,24010.599609375,24200.0,13,0.03561643835616438,0.12528612948237794,0.125286,166.6,165.30745848879184,1.2925,285.4,298.7479920235445,-13.348,False
2024-06-28,24010.599609375,24250.0,13,0.03561643835616438,0.1231395903708764,0.12314,143.65,139.25698680224818,4.393,313.45,322.5819007975573,-9.1319,False
